0.1,0.3297967551196511,0.32142857142857145
0.1,0.04232158786460616,0.0625
0.1,0.0043272335184422524,0.034482758620689655
0.1,0.0,0.0
0.1,0.1272468546151718,0.07142857142857142
0.1,0.024617815856064384,0.14705882352941177
0.1,0.11645973301311284,0.09090909090909091
0.1,0.4222788635069347,0.15151515151515152
0.1,0.0,0.0
0.1,0.1791249415180971,0.1875
0.1,nan,nan
0.1,nan,nan
0.1,nan,nan
0.1,nan,nan
0.1,nan,nan
0.1,nan,nan
0.1,nan,nan
0.1,nan,nan
0.1,nan,nan
0.1,nan,nan
0.1,0.11047485461759934,0.14705882352941177
0.1,0.32093458909186146,0.2
0.1,0.0977881516803511,0.07692307692307693
0.1,0.10088212609132453,0.1111111111111111
0.1,0.025683793456778403,0.09375
0.1,0.08291805712221095,0.034482758620689655
0.1,0.08158867528146434,0.10344827586206896
0.1,0.05353869197855441,0.11764705882352941
0.1,0.23705322411543392,0.25806451612903225
0.1,0.2717421562755825,0.25925925925925924
0.1,nan,nan
0.1,nan,nan
0.1,nan,nan
0.1,nan,nan
0.1,nan,nan
0.1,nan,nan
0.1,nan,nan
0.1,nan,nan
0.1,nan,nan
0.1,nan,nan
0.1,0.17595293064057896,0.21052631578947367
0.1,0.001735051299399803,0.029411764705882353
0.1,0.044026325465765126,0.09375
0.1,0.03960328431208661,0.03225806451612903
0.1,0.11498703677022391,0.14705882352941177
0.1,0.07165434153652939,0.09375
0.1,0.2598777699732569,0.14814814814814814
0.1,0.0,0.0
0.1,0.19589864907058654,0.16
0.1,0.0,0.0
0.1,nan,nan
0.1,nan,nan
0.1,nan,nan
0.1,nan,nan
0.1,nan,nan
0.1,nan,nan
0.1,nan,nan
0.1,nan,nan
0.1,nan,nan
0.1,nan,nan
0.1,0.275570083206427,0.25806451612903225
0.1,0.14751311901837763,0.10344827586206896
0.1,0.105723657998256,0.17647058823529413
0.1,0.03805900610986158,0.03125
0.1,0.1123962012734096,0.13793103448275862
0.1,0.05252789582604171,0.14285714285714285
0.1,0.13631715523367424,0.125
0.1,0.0,0.0
0.1,0.034908676137020894,0.07894736842105263
0.1,0.0375145537908355,0.14814814814814814
0.1,nan,nan
0.1,nan,nan
0.1,nan,nan
0.1,nan,nan
0.1,nan,nan
0.1,nan,nan
0.1,nan,nan
0.1,nan,nan
0.1,nan,nan
0.1,nan,nan
0.1,0.03842354868268588,0.08823529411764706
0.1,0.08408993453208116,0.1
0.1,0.04524377198555972,0.034482758620689655
0.1,0.11263488261094305,0.1
0.1,0.04784701308719074,0.03333333333333333
0.1,0.03775389444546731,0.09523809523809523
0.1,0.09296256447743918,0.15384615384615385
0.1,0.03200752725133834,0.07407407407407407
0.1,0.019251352651632,0.02857142857142857
0.1,0.07006569898667944,0.07142857142857142
0.1,nan,nan
0.1,nan,nan
0.1,nan,nan
0.1,nan,nan
0.1,nan,nan
0.1,nan,nan
0.1,nan,nan
0.1,nan,nan
0.1,nan,nan
0.1,nan,nan
0.1,0.17235421576861495,0.21621621621621623
0.1,0.10422043243975547,0.16666666666666666
0.1,0.06063395299922657,0.07692307692307693
0.1,0.1436600564942823,0.13636363636363635
0.1,0.09282653412539427,0.1
0.1,0.04991933792897533,0.12121212121212122
0.1,0.010225698271551665,0.04
0.1,0.08760874079217179,0.0967741935483871
0.1,0.0,0.0
0.1,0.06303316437392699,0.05405405405405406
0.1,nan,nan
0.1,nan,nan
0.1,nan,nan
0.1,nan,nan
0.1,nan,nan
0.1,nan,nan
0.1,nan,nan
0.1,nan,nan
0.1,nan,nan
0.1,nan,nan
0.1,0.056012961915952175,0.09375
0.1,0.05114743333833695,0.05555555555555555
0.1,0.05151385040718045,0.08333333333333333
0.1,0.04434116140479091,0.04
0.1,0.08960191351289382,0.09375
0.1,0.054653764506418574,0.07692307692307693
0.1,0.1547527602564145,0.0625
0.1,0.15427492570581308,0.12
0.1,0.043761000674669995,0.13043478260869565
0.1,0.20177054348990472,0.13333333333333333
0.1,nan,nan
0.1,nan,nan
0.1,nan,nan
0.1,nan,nan
0.1,nan,nan
0.1,nan,nan
0.1,nan,nan
0.1,nan,nan
0.1,nan,nan
0.1,nan,nan
0.1,0.03921662176078765,0.11538461538461539
0.1,0.07223058311307619,0.05555555555555555
0.1,0.08827150739887202,0.03333333333333333
0.1,0.2866609465546977,0.34146341463414637
0.1,0.051561731476067504,0.1
0.1,0.1982288097446043,0.24444444444444444
0.1,0.06713736199790218,0.12
0.1,0.046997544645731276,0.06451612903225806
0.1,0.2440536777524839,0.11764705882352941
0.1,0.3901446260606756,0.1935483870967742
0.1,nan,nan
0.1,nan,nan
0.1,nan,nan
0.1,nan,nan
0.1,nan,nan
0.1,nan,nan
0.1,nan,nan
0.1,nan,nan
0.1,nan,nan
0.1,nan,nan
0.1,0.19670587520501812,0.22580645161290322
0.1,0.02378508825000457,0.03333333333333333
0.1,0.03778131266246874,0.06666666666666667
0.1,0.14030477809018843,0.0967741935483871
0.1,0.00013789689597355428,0.02857142857142857
0.1,0.0,0.0
0.1,0.1683614759769593,0.07142857142857142
0.1,0.2285335750183132,0.20833333333333334
0.1,0.03248975790016818,0.06896551724137931
0.1,0.02661697470461094,0.030303030303030304
0.1,nan,nan
0.1,nan,nan
0.1,nan,nan
0.1,nan,nan
0.1,nan,nan
0.1,nan,nan
0.1,nan,nan
0.1,nan,nan
0.1,nan,nan
0.1,nan,nan
0.1,0.12886590324222405,0.041666666666666664
0.1,0.3582236062325268,0.19230769230769232
0.1,0.07500736817612758,0.07407407407407407
0.1,0.1290914347311862,0.06451612903225806
0.1,0.1404240162861612,0.09375
0.1,0.05745649442582361,0.04
0.1,0.07252445791341415,0.16666666666666666
0.1,0.030958599514951855,0.075
0.1,0.06445840055923327,0.12
0.1,0.03231105303469425,0.037037037037037035
0.1,nan,nan
0.1,nan,nan
0.1,nan,nan
0.1,nan,nan
0.1,nan,nan
0.1,nan,nan
0.1,nan,nan
0.1,nan,nan
0.1,nan,nan
0.1,nan,nan
0.1,0.06539996445507634,0.13793103448275862
0.1,0.020655936334760552,0.04
0.1,0.02280571194770194,0.041666666666666664
0.1,0.011188041564082596,0.034482758620689655
0.1,0.11800054250860133,0.1111111111111111
0.1,0.11437016334557232,0.1111111111111111
0.1,0.020451475353974787,0.043478260869565216
0.1,0.0761036805245818,0.034482758620689655
0.1,0.1453366339299009,0.08333333333333333
0.1,0.027788895221804593,0.07692307692307693
0.1,nan,nan
0.1,nan,nan
0.1,nan,nan
0.1,nan,nan
0.1,nan,nan
0.1,nan,nan
0.1,nan,nan
0.1,nan,nan
0.1,nan,nan
0.1,nan,nan
0.1,0.13989815547726156,0.06896551724137931
0.1,0.15694447785712626,0.12195121951219512
0.1,0.08501638601144863,0.06451612903225806
0.1,0.1137719045609707,0.10344827586206896
0.1,0.10047712052887113,0.1111111111111111
0.1,0.03131593148658099,0.08823529411764706
0.1,0.10779854498729367,0.06818181818181818
0.1,0.12409868808995839,0.125
0.1,0.0,0.0
0.1,0.14347561141854887,0.13793103448275862
0.1,nan,nan
0.1,nan,nan
0.1,nan,nan
0.1,nan,nan
0.1,nan,nan
0.1,nan,nan
0.1,nan,nan
0.1,nan,nan
0.1,nan,nan
0.1,nan,nan
0.1,0.2995539612836484,0.15384615384615385
0.1,0.14785278185431544,0.17857142857142858
0.1,0.1677680896581874,0.12903225806451613
0.1,0.11165193885672409,0.125
0.1,0.0,0.0
0.1,0.06867701810969881,0.0967741935483871
0.1,0.09163797548415005,0.225
0.1,0.043288336616114975,0.030303030303030304
0.1,0.03804008508465021,0.03225806451612903
0.1,0.03199246652860205,0.08108108108108109
0.1,nan,nan
0.1,nan,nan
0.1,nan,nan
0.1,nan,nan
0.1,nan,nan
0.1,nan,nan
0.1,nan,nan
0.1,nan,nan
0.1,nan,nan
0.1,nan,nan
0.1,0.1397730117117051,0.17391304347826086
0.1,0.12311019961257191,0.1111111111111111
0.1,0.08786923743831819,0.10714285714285714
0.1,0.21447310049167911,0.30434782608695654
0.1,0.0718332065664182,0.12121212121212122
0.1,0.0028929954174182542,0.02702702702702703
0.1,0.21361652749763493,0.1875
0.1,0.11137523700720067,0.1
0.1,0.0,0.0
0.1,0.2274207604412305,0.10344827586206896
0.1,nan,nan
0.1,nan,nan
0.1,nan,nan
0.1,nan,nan
0.1,nan,nan
0.1,nan,nan
0.1,nan,nan
0.1,nan,nan
0.1,nan,nan
0.1,nan,nan
0.1,0.30178542051965246,0.2647058823529412
0.1,0.20540237801793465,0.21212121212121213
0.1,0.05615965425683953,0.05
0.1,0.3300092442583844,0.1724137931034483
0.1,0.24462617479886645,0.15384615384615385
0.1,0.1257257603771402,0.10526315789473684
0.1,0.08158693362304348,0.1111111111111111
0.1,0.013800799214916675,0.027777777777777776
0.1,0.0639973761216747,0.16129032258064516
0.1,0.06492205448496081,0.10714285714285714
0.1,nan,nan
0.1,nan,nan
0.1,nan,nan
0.1,nan,nan
0.1,nan,nan
0.1,nan,nan
0.1,nan,nan
0.1,nan,nan
0.1,nan,nan
0.1,nan,nan
0.2,0.14266228225113864,0.12280701754385964
0.2,0.1461805711128255,0.19047619047619047
0.2,0.19175939663341923,0.22807017543859648
0.2,0.20146741453809228,0.2
0.2,0.22570623242928295,0.3090909090909091
0.2,0.09008861995964665,0.18867924528301888
0.2,0.43922585706104655,0.39622641509433965
0.2,0.21534477483457548,0.2753623188405797
0.2,0.14714497938375642,0.15
0.2,0.2460493534029664,0.2459016393442623
0.2,nan,nan
0.2,nan,nan
0.2,nan,nan
0.2,nan,nan
0.2,nan,nan
0.2,nan,nan
0.2,nan,nan
0.2,nan,nan
0.2,nan,nan
0.2,nan,nan
0.2,0.2338535618942515,0.26229508196721313
0.2,0.2127008451864054,0.25
0.2,0.4086449221431811,0.38333333333333336
0.2,0.33026649570440403,0.21052631578947367
0.2,0.21005208065460856,0.1568627450980392
0.2,0.4189928157210984,0.45454545454545453
0.2,0.2548195217534061,0.30303030303030304
0.2,0.3411626399469915,0.5194805194805194
0.2,0.44775890991361006,0.41509433962264153
0.2,0.1794796522488603,0.18518518518518517
0.2,nan,nan
0.2,nan,nan
0.2,nan,nan
0.2,nan,nan
0.2,nan,nan
0.2,nan,nan
0.2,nan,nan
0.2,nan,nan
0.2,nan,nan
0.2,nan,nan
0.2,0.187351293586154,0.21311475409836064
0.2,0.13320796231237939,0.08888888888888889
0.2,0.12462386519730931,0.16071428571428573
0.2,0.10645151361877549,0.09090909090909091
0.2,0.008972978093305798,0.047619047619047616
0.2,0.2141174521455241,0.31666666666666665
0.2,0.1988572320744879,0.22916666666666666
0.2,0.07207028702204298,0.1
0.2,0.04114583855516685,0.06779661016949153
0.2,0.3787867210666823,0.28846153846153844
0.2,nan,nan
0.2,nan,nan
0.2,nan,nan
0.2,nan,nan
0.2,nan,nan
0.2,nan,nan
0.2,nan,nan
0.2,nan,nan
0.2,nan,nan
0.2,nan,nan
0.2,0.5508662152175319,0.45
0.2,0.1238499211537424,0.1111111111111111
0.2,0.09968986097606695,0.10638297872340426
0.2,0.33174130038805194,0.22413793103448276
0.2,0.2047873116117555,0.20408163265306123
0.2,0.17660148818061205,0.15151515151515152
0.2,0.27768996675876323,0.25
0.2,0.16304612619249606,0.21052631578947367
0.2,0.1680551410337877,0.2037037037037037
0.2,0.19610678891503863,0.2608695652173913
0.2,nan,nan
0.2,nan,nan
0.2,nan,nan
0.2,nan,nan
0.2,nan,nan
0.2,nan,nan
0.2,nan,nan
0.2,nan,nan
0.2,nan,nan
0.2,nan,nan
0.2,0.07492063069551061,0.13559322033898305
0.2,0.33938754508763636,0.3387096774193548
0.2,0.18992206525403538,0.1568627450980392
0.2,0.4295112236894217,0.3541666666666667
0.2,0.08260230980342033,0.11290322580645161
0.2,0.11616657805785648,0.16923076923076924
0.2,0.20401468389319602,0.3333333333333333
0.2,0.11824353046637882,0.16923076923076924
0.2,0.1616375402192898,0.1
0.2,0.10455934590453053,0.17543859649122806
0.2,nan,nan
0.2,nan,nan
0.2,nan,nan
0.2,nan,nan
0.2,nan,nan
0.2,nan,nan
0.2,nan,nan
0.2,nan,nan
0.2,nan,nan
0.2,nan,nan
0.2,0.18797688485200056,0.3157894736842105
0.2,0.2991884316779587,0.288135593220339
0.2,0.37732879144452575,0.3148148148148148
0.2,0.16455903596236204,0.2054794520547945
0.2,0.3552976913313889,0.2641509433962264
0.2,0.26722697154831543,0.3188405797101449
0.2,0.23346598900245127,0.22972972972972974
0.2,0.28260664261980595,0.2786885245901639
0.2,0.3823046823039014,0.3968253968253968
0.2,0.10680352613782512,0.16666666666666666
0.2,nan,nan
0.2,nan,nan
0.2,nan,nan
0.2,nan,nan
0.2,nan,nan
0.2,nan,nan
0.2,nan,nan
0.2,nan,nan
0.2,nan,nan
0.2,nan,nan
0.2,0.17997086143397495,0.21666666666666667
0.2,0.35472547718139097,0.3333333333333333
0.2,0.1026792388530339,0.1
0.2,0.2293332414228305,0.19148936170212766
0.2,0.2983963927287634,0.3108108108108108
0.2,0.034353742563253034,0.06
0.2,0.14744091068410545,0.18867924528301888
0.2,0.027814980515535756,0.09259259259259259
0.2,0.21504067687129141,0.22580645161290322
0.2,0.34178482255321707,0.3333333333333333
0.2,nan,nan
0.2,nan,nan
0.2,nan,nan
0.2,nan,nan
0.2,nan,nan
0.2,nan,nan
0.2,nan,nan
0.2,nan,nan
0.2,nan,nan
0.2,nan,nan
0.2,0.2216339212857573,0.2857142857142857
0.2,0.06071012914315285,0.13333333333333333
0.2,0.1726005223140722,0.3
0.2,0.056529119558235676,0.13793103448275862
0.2,0.21080836432252847,0.288135593220339
0.2,0.1546223187893574,0.203125
0.2,0.371378457026303,0.3125
0.2,0.19745329584681134,0.2545454545454545
0.2,0.18927839674940147,0.19148936170212766
0.2,0.11711718802469381,0.19298245614035087
0.2,nan,nan
0.2,nan,nan
0.2,nan,nan
0.2,nan,nan
0.2,nan,nan
0.2,nan,nan
0.2,nan,nan
0.2,nan,nan
0.2,nan,nan
0.2,nan,nan
0.2,0.346951143611141,0.37142857142857144
0.2,0.18601321366857768,0.2676056338028169
0.2,0.16745571665176856,0.15384615384615385
0.2,0.1044003279460589,0.2222222222222222
0.2,0.2293285223386436,0.30357142857142855
0.2,0.1731986291714372,0.2391304347826087
0.2,0.18502963448569992,0.2127659574468085
0.2,0.21489413815036393,0.18181818181818182
0.2,0.4299383560006032,0.3484848484848485
0.2,0.1973122919188809,0.2318840579710145
0.2,nan,nan
0.2,nan,nan
0.2,nan,nan
0.2,nan,nan
0.2,nan,nan
0.2,nan,nan
0.2,nan,nan
0.2,nan,nan
0.2,nan,nan
0.2,nan,nan
0.2,0.15750485650788626,0.203125
0.2,0.18405886115237347,0.24528301886792453
0.2,0.39808641371598885,0.2786885245901639
0.2,0.24219053101878146,0.19230769230769232
0.2,0.21591584866762026,0.22388059701492538
0.2,0.07877640792705398,0.13114754098360656
0.2,0.30376153941092937,0.34545454545454546
0.2,0.22577870252318633,0.1875
0.2,0.1781926058084782,0.2857142857142857
0.2,0.27936329079426103,0.42028985507246375
0.2,nan,nan
0.2,nan,nan
0.2,nan,nan
0.2,nan,nan
0.2,nan,nan
0.2,nan,nan
0.2,nan,nan
0.2,nan,nan
0.2,nan,nan
0.2,nan,nan
0.2,0.7417303703811605,0.6666666666666666
0.2,0.30914391215204046,0.24615384615384617
0.2,0.377611290956832,0.29310344827586204
0.2,0.23805581253387012,0.2923076923076923
0.2,0.15108542662741295,0.2647058823529412
0.2,0.2756666776998014,0.19696969696969696
0.2,0.21315633424516728,0.2676056338028169
0.2,0.11965938613308276,0.1568627450980392
0.2,0.09004213422133289,0.12280701754385964
0.2,0.06825434140794712,0.11538461538461539
0.2,nan,nan
0.2,nan,nan
0.2,nan,nan
0.2,nan,nan
0.2,nan,nan
0.2,nan,nan
0.2,nan,nan
0.2,nan,nan
0.2,nan,nan
0.2,nan,nan
0.2,0.7264652497782724,0.48484848484848486
0.2,0.28274903621874986,0.2608695652173913
0.2,0.13971534780636383,0.14285714285714285
0.2,0.2586501843037534,0.27450980392156865
0.2,0.3472554893125923,0.4520547945205479
0.2,0.21477244558856806,0.3018867924528302
0.2,0.1268984038607338,0.21666666666666667
0.2,0.2747599868173572,0.27941176470588236
0.2,0.42661762339877085,0.35185185185185186
0.2,0.2065299371499256,0.3275862068965517
0.2,nan,nan
0.2,nan,nan
0.2,nan,nan
0.2,nan,nan
0.2,nan,nan
0.2,nan,nan
0.2,nan,nan
0.2,nan,nan
0.2,nan,nan
0.2,nan,nan
0.2,0.2882922992662751,0.3181818181818182
0.2,0.232225873437224,0.24324324324324326
0.2,0.16410154476071698,0.2037037037037037
0.2,0.1491146612750145,0.2903225806451613
0.2,0.4215985770399618,0.3283582089552239
0.2,0.20420269965942595,0.25
0.2,0.3807362627994583,0.3
0.2,0.29273246781845924,0.4032258064516129
0.2,0.25472686242293574,0.3389830508474576
0.2,0.14305762362655514,0.12727272727272726
0.2,nan,nan
0.2,nan,nan
0.2,nan,nan
0.2,nan,nan
0.2,nan,nan
0.2,nan,nan
0.2,nan,nan
0.2,nan,nan
0.2,nan,nan
0.2,nan,nan
0.2,0.17154059937006583,0.26865671641791045
0.2,0.21216946983265064,0.29411764705882354
0.2,0.15638511839594846,0.20967741935483872
0.2,0.21552938672434802,0.2982456140350877
0.2,0.3201594928036968,0.234375
0.2,0.6272717722927948,0.4444444444444444
0.2,0.2786038310343285,0.24561403508771928
0.2,0.3288063145853157,0.25
0.2,0.20056894057833755,0.23404255319148937
0.2,0.06669212373177236,0.11594202898550725
0.2,nan,nan
0.2,nan,nan
0.2,nan,nan
0.2,nan,nan
0.2,nan,nan
0.2,nan,nan
0.2,nan,nan
0.2,nan,nan
0.2,nan,nan
0.2,nan,nan
0.2,0.3734675383758571,0.2222222222222222
0.2,0.10703150801069569,0.12
0.2,0.08230587075261775,0.16363636363636364
0.2,0.15497183925960556,0.28125
0.2,0.28487807375897906,0.36764705882352944
0.2,0.05305115024525788,0.10526315789473684
0.2,0.319385849573041,0.36666666666666664
0.2,0.10720500462729632,0.1875
0.2,0.20685180210475138,0.2608695652173913
0.2,0.5164968542205338,0.4810126582278481
0.2,nan,nan
0.2,nan,nan
0.2,nan,nan
0.2,nan,nan
0.2,nan,nan
0.2,nan,nan
0.2,nan,nan
0.2,nan,nan
0.2,nan,nan
0.2,nan,nan
0.3,0.35467028844635706,0.4411764705882353
0.3,0.15058951158857928,0.2727272727272727
0.3,0.47329595793718165,0.5360824742268041
0.3,0.7469044117501776,0.7065217391304348
0.3,0.16024387958626365,0.17045454545454544
0.3,0.8848795287918594,0.7962962962962963
0.3,0.2222548467026992,0.30985915492957744
0.3,0.4489456826876567,0.4891304347826087
0.3,0.673377400514255,0.7263157894736842
0.3,0.37771335344218404,0.42105263157894735
0.3,nan,nan
0.3,nan,nan
0.3,nan,nan
0.3,nan,nan
0.3,nan,nan
0.3,nan,nan
0.3,nan,nan
0.3,nan,nan
0.3,nan,nan
0.3,nan,nan
0.3,0.5134391967669322,0.5462962962962963
0.3,0.14311840200158232,0.23333333333333334
0.3,0.32023418433142997,0.3434343434343434
0.3,0.6691476404900111,0.5567010309278351
0.3,0.47040853108939923,0.6074766355140186
0.3,0.5352299362520545,0.5411764705882353
0.3,0.31320994914810935,0.39759036144578314
0.3,0.3371783383472634,0.2727272727272727
0.3,0.2782238263528378,0.3218390804597701
0.3,0.347290275208876,0.4411764705882353
0.3,nan,nan
0.3,nan,nan
0.3,nan,nan
0.3,nan,nan
0.3,nan,nan
0.3,nan,nan
0.3,nan,nan
0.3,nan,nan
0.3,nan,nan
0.3,nan,nan
0.3,0.39579693872853616,0.32098765432098764
0.3,0.42068864944865114,0.47959183673469385
0.3,0.3040916709271354,0.4367816091954023
0.3,0.2330351018425375,0.3373493975903614
0.3,0.25087149816248105,0.3333333333333333
0.3,0.2462469385158488,0.3402061855670103
0.3,0.3251294056188917,0.3655913978494624
0.3,0.32933076207709844,0.3617021276595745
0.3,0.26542827111290646,0.31313131313131315
0.3,0.5185766094696707,0.6698113207547169
0.3,nan,nan
0.3,nan,nan
0.3,nan,nan
0.3,nan,nan
0.3,nan,nan
0.3,nan,nan
0.3,nan,nan
0.3,nan,nan
0.3,nan,nan
0.3,nan,nan
0.3,0.26444693287263143,0.41304347826086957
0.3,0.17762730824969536,0.24096385542168675
0.3,0.48000501871494244,0.5465116279069767
0.3,0.40089098870745754,0.43333333333333335
0.3,0.5806303771481153,0.43902439024390244
0.3,0.402744501366156,0.45544554455445546
0.3,0.3385942499859208,0.4659090909090909
0.3,0.2140698248238785,0.25842696629213485
0.3,0.26729699552975655,0.32954545454545453
0.3,0.41483309458532946,0.3870967741935484
0.3,nan,nan
0.3,nan,nan
0.3,nan,nan
0.3,nan,nan
0.3,nan,nan
0.3,nan,nan
0.3,nan,nan
0.3,nan,nan
0.3,nan,nan
0.3,nan,nan
0.3,0.25583209068870727,0.34444444444444444
0.3,0.2939351881764076,0.3684210526315789
0.3,0.3310221194251876,0.39603960396039606
0.3,0.5374697606827255,0.4479166666666667
0.3,0.2927933581114059,0.35365853658536583
0.3,0.6417772343603577,0.6883116883116883
0.3,0.3342625925662422,0.48314606741573035
0.3,0.28068250692780844,0.3037974683544304
0.3,0.35637117053303696,0.38461538461538464
0.3,0.34729772840496087,0.41304347826086957
0.3,nan,nan
0.3,nan,nan
0.3,nan,nan
0.3,nan,nan
0.3,nan,nan
0.3,nan,nan
0.3,nan,nan
0.3,nan,nan
0.3,nan,nan
0.3,nan,nan
0.3,0.2242178163136573,0.3541666666666667
0.3,0.23265286298896073,0.31645569620253167
0.3,0.5053206307365692,0.4431818181818182
0.3,0.5422974083490377,0.38666666666666666
0.3,0.4101065975280584,0.44761904761904764
0.3,0.5187994446309858,0.49523809523809526
0.3,0.2746757349140074,0.42045454545454547
0.3,0.3714871358449727,0.32926829268292684
0.3,0.364678712316096,0.5263157894736842
0.3,0.5042294781618923,0.5057471264367817
0.3,nan,nan
0.3,nan,nan
0.3,nan,nan
0.3,nan,nan
0.3,nan,nan
0.3,nan,nan
0.3,nan,nan
0.3,nan,nan
0.3,nan,nan
0.3,nan,nan
0.3,0.19370216797941067,0.23170731707317074
0.3,0.4974137047859636,0.5555555555555556
0.3,0.525458793946897,0.5943396226415094
0.3,0.2373921395104292,0.336734693877551
0.3,0.36112660521902035,0.4838709677419355
0.3,0.38994334671737774,0.41935483870967744
0.3,0.3377133554490637,0.5252525252525253
0.3,0.19285276057232498,0.25555555555555554
0.3,0.3989743597045182,0.5268817204301075
0.3,0.3018433952676252,0.2823529411764706
0.3,nan,nan
0.3,nan,nan
0.3,nan,nan
0.3,nan,nan
0.3,nan,nan
0.3,nan,nan
0.3,nan,nan
0.3,nan,nan
0.3,nan,nan
0.3,nan,nan
0.3,0.3620034240706045,0.42
0.3,0.36653462391638375,0.4105263157894737
0.3,0.47473368239175545,0.4791666666666667
0.3,0.3854800554250359,0.5111111111111111
0.3,0.3900286260795838,0.4803921568627451
0.3,0.20864550421352443,0.2608695652173913
0.3,0.2405199810721797,0.37
0.3,0.2592711982057875,0.3804347826086957
0.3,0.2753617426311621,0.3375
0.3,0.20284661039550186,0.22093023255813954
0.3,nan,nan
0.3,nan,nan
0.3,nan,nan
0.3,nan,nan
0.3,nan,nan
0.3,nan,nan
0.3,nan,nan
0.3,nan,nan
0.3,nan,nan
0.3,nan,nan
0.3,0.24451753126802075,0.3448275862068966
0.3,0.16671922986128465,0.2375
0.3,0.29565843633713224,0.40229885057471265
0.3,0.32544375725889535,0.3402061855670103
0.3,0.37493184797167683,0.4673913043478261
0.3,0.3856557367915122,0.32941176470588235
0.3,0.3130586725411234,0.3614457831325301
0.3,0.23266297533774796,0.2696629213483146
0.3,0.19625718329654354,0.3173076923076923
0.3,0.5339226481294267,0.5280898876404494
0.3,nan,nan
0.3,nan,nan
0.3,nan,nan
0.3,nan,nan
0.3,nan,nan
0.3,nan,nan
0.3,nan,nan
0.3,nan,nan
0.3,nan,nan
0.3,nan,nan
0.3,0.3556675159051884,0.5301204819277109
0.3,0.31230847032789044,0.2777777777777778
0.3,0.458583905265764,0.25675675675675674
0.3,0.3786609917167779,0.5194805194805194
0.3,0.2657933495897109,0.32608695652173914
0.3,0.33238588257764495,0.37362637362637363
0.3,0.5992091290115906,0.6111111111111112
0.3,0.5074184658047535,0.4574468085106383
0.3,0.32537975481374465,0.4444444444444444
0.3,0.38360222483591033,0.3942307692307692
0.3,nan,nan
0.3,nan,nan
0.3,nan,nan
0.3,nan,nan
0.3,nan,nan
0.3,nan,nan
0.3,nan,nan
0.3,nan,nan
0.3,nan,nan
0.3,nan,nan
0.3,0.5680686661163492,0.5189873417721519
0.3,0.2391100511313316,0.35064935064935066
0.3,0.3989878119660194,0.4090909090909091
0.3,0.6134669715888423,0.6019417475728155
0.3,0.27404359724912386,0.32323232323232326
0.3,0.2629808087388297,0.34408602150537637
0.3,0.2689608050884819,0.27472527472527475
0.3,0.28235813695100204,0.32
0.3,0.374644073930184,0.42391304347826086
0.3,0.31265998274096257,0.375
0.3,nan,nan
0.3,nan,nan
0.3,nan,nan
0.3,nan,nan
0.3,nan,nan
0.3,nan,nan
0.3,nan,nan
0.3,nan,nan
0.3,nan,nan
0.3,nan,nan
0.3,0.33013977770263164,0.3373493975903614
0.3,0.3512337733181909,0.3829787234042553
0.3,0.44651103829871747,0.5054945054945055
0.3,0.25749410772521225,0.34146341463414637
0.3,0.5029338852893271,0.5568181818181818
0.3,0.2859917392216529,0.3888888888888889
0.3,0.23624207349401818,0.2682926829268293
0.3,0.43190699319783354,0.5471698113207547
0.3,0.25201825151312873,0.4358974358974359
0.3,0.3590292976832557,0.4528301886792453
0.3,nan,nan
0.3,nan,nan
0.3,nan,nan
0.3,nan,nan
0.3,nan,nan
0.3,nan,nan
0.3,nan,nan
0.3,nan,nan
0.3,nan,nan
0.3,nan,nan
0.3,0.19886787484069324,0.30864197530864196
0.3,0.12209677964605432,0.2857142857142857
0.3,0.30723112131296837,0.29577464788732394
0.3,0.4610727042347296,0.5632183908045977
0.3,0.45875610610555556,0.4268292682926829
0.3,0.40871818528673454,0.5225225225225225
0.3,0.16476305722503906,0.21176470588235294
0.3,0.3706286203525704,0.3888888888888889
0.3,0.2976907679745409,0.375
0.3,0.24178945011798456,0.30120481927710846
0.3,nan,nan
0.3,nan,nan
0.3,nan,nan
0.3,nan,nan
0.3,nan,nan
0.3,nan,nan
0.3,nan,nan
0.3,nan,nan
0.3,nan,nan
0.3,nan,nan
0.3,0.3607610845210824,0.5104166666666666
0.3,0.3123524348885633,0.44554455445544555
0.3,0.47114820782628436,0.4943820224719101
0.3,0.38141305239070683,0.43564356435643564
0.3,0.3030180353363971,0.3723404255319149
0.3,0.1406517150673798,0.18604651162790697
0.3,0.9337703776286617,0.7682926829268293
0.3,0.37156311535301256,0.4027777777777778
0.3,0.4570147416131034,0.6513761467889908
0.3,0.22886717136912632,0.3522727272727273
0.3,nan,nan
0.3,nan,nan
0.3,nan,nan
0.3,nan,nan
0.3,nan,nan
0.3,nan,nan
0.3,nan,nan
0.3,nan,nan
0.3,nan,nan
0.3,nan,nan
0.3,0.3679594330885465,0.4090909090909091
0.3,0.6138826340447592,0.6804123711340206
0.3,0.27149095898600045,0.3170731707317073
0.3,0.3957513650324459,0.3867924528301887
0.3,0.5203283305280638,0.37333333333333335
0.3,0.17412539470192553,0.15789473684210525
0.3,0.4151522521427215,0.40229885057471265
0.3,0.23439817282876882,0.30337078651685395
0.3,0.34426918468849355,0.4095238095238095
0.3,0.7254751439290236,0.8
0.3,nan,nan
0.3,nan,nan
0.3,nan,nan
0.3,nan,nan
0.3,nan,nan
0.3,nan,nan
0.3,nan,nan
0.3,nan,nan
0.3,nan,nan
0.3,nan,nan
0.4,0.46086454007096894,0.6198347107438017
0.4,0.9472269206774085,0.8925619834710744
0.4,0.5820905333103866,0.6349206349206349
0.4,0.44733300664710973,0.4628099173553719
0.4,0.49416430563885205,0.648854961832061
0.4,0.3343035103194069,0.47368421052631576
0.4,0.5910989843036525,0.6594202898550725
0.4,0.6795994826850508,0.7322834645669292
0.4,0.12802038406592992,0.3125
0.4,0.6173995795545015,0.6923076923076923
0.4,nan,nan
0.4,nan,nan
0.4,nan,nan
0.4,nan,nan
0.4,nan,nan
0.4,nan,nan
0.4,nan,nan
0.4,nan,nan
0.4,nan,nan
0.4,nan,nan
0.4,0.4745549336289808,0.6782608695652174
0.4,0.5598466832189335,0.4424778761061947
0.4,0.6120748922360006,0.7050359712230215
0.4,0.7564038431359602,0.9137931034482759
0.4,0.6990408860546368,0.559322033898305
0.4,0.2460179925703533,0.3565217391304348
0.4,0.5076226104257126,0.627906976744186
0.4,0.47507752275813736,0.5446428571428571
0.4,0.32836738138004995,0.4426229508196721
0.4,0.4587082197584483,0.6296296296296297
0.4,nan,nan
0.4,nan,nan
0.4,nan,nan
0.4,nan,nan
0.4,nan,nan
0.4,nan,nan
0.4,nan,nan
0.4,nan,nan
0.4,nan,nan
0.4,nan,nan
0.4,0.887227641203291,0.9112903225806451
0.4,0.31997618846572917,0.34579439252336447
0.4,0.7751864409481588,0.8461538461538461
0.4,0.6130545207252293,0.6637931034482759
0.4,0.5545449656098556,0.6260869565217392
0.4,0.5869401044994792,0.6116504854368932
0.4,0.38670786847896954,0.4482758620689655
0.4,0.5592576056002362,0.5982905982905983
0.4,0.4011228367029256,0.43243243243243246
0.4,0.6739367664098027,0.6721311475409836
0.4,nan,nan
0.4,nan,nan
0.4,nan,nan
0.4,nan,nan
0.4,nan,nan
0.4,nan,nan
0.4,nan,nan
0.4,nan,nan
0.4,nan,nan
0.4,nan,nan
0.4,0.29304446397341644,2.408333333333333
0.4,1.2734139605054242,3.312
0.4,0.6890668856872163,2.7401574803149606
0.4,0.4423205601015051,2.3949579831932772
0.4,0.5573106085037501,2.697841726618705
0.4,0.5350418648847892,2.7430555555555554
0.4,0.6340316566120202,2.8059701492537314
0.4,0.4428501767743594,2.5565217391304347
0.4,0.5309245425067275,2.623076923076923
0.4,0.6011362631096596,2.705426356589147
0.4,nan,nan
0.4,nan,nan
0.4,nan,nan
0.4,nan,nan
0.4,nan,nan
0.4,nan,nan
0.4,nan,nan
0.4,nan,nan
0.4,nan,nan
0.4,nan,nan
0.4,0.3716046441368944,2.588235294117647
0.4,0.6598735102110818,2.634920634920635
0.4,0.3787595003556703,2.5535714285714284
0.4,0.3498135120148281,2.4074074074074074
0.4,0.5188921676411685,2.543307086614173
0.4,0.5213323902550785,2.7142857142857144
0.4,0.622248331043138,2.64
0.4,0.37000229492040954,2.5655737704918034
0.4,0.3934205503193562,2.504854368932039
0.4,1.1673071144723253,3.323943661971831
0.4,nan,nan
0.4,nan,nan
0.4,nan,nan
0.4,nan,nan
0.4,nan,nan
0.4,nan,nan
0.4,nan,nan
0.4,nan,nan
0.4,nan,nan
0.4,nan,nan
0.4,0.6824264658518379,2.610169491525424
0.4,0.7269522288245271,2.7559055118110236
0.4,0.7343478524469619,2.8689655172413793
0.4,0.3972036393838865,2.490566037735849
0.4,0.4315555438681559,2.5864661654135337
0.4,0.32614492382291255,2.431654676258993
0.4,0.4017136259299186,2.5714285714285716
0.4,0.6926754514560554,2.673076923076923
0.4,0.4156001809268202,2.6875
0.4,0.5030506753333224,2.680327868852459
0.4,nan,nan
0.4,nan,nan
0.4,nan,nan
0.4,nan,nan
0.4,nan,nan
0.4,nan,nan
0.4,nan,nan
0.4,nan,nan
0.4,nan,nan
0.4,nan,nan
0.4,0.5597230973849358,2.5779816513761467
0.4,0.48443344552398937,2.7196969696969697
0.4,0.32297962285114096,2.4796747967479673
0.4,0.6577832199795228,2.71875
0.4,0.4235300291372234,2.577777777777778
0.4,0.38801979607122794,2.436893203883495
0.4,0.4286812152148306,2.5304347826086957
0.4,0.3180440058972377,2.4227642276422765
0.4,0.7095111521506345,2.936936936936937
0.4,0.30516900825589743,2.2660550458715596
0.4,nan,nan
0.4,nan,nan
0.4,nan,nan
0.4,nan,nan
0.4,nan,nan
0.4,nan,nan
0.4,nan,nan
0.4,nan,nan
0.4,nan,nan
0.4,nan,nan
0.4,0.37775321788318794,2.4915254237288136
0.4,0.608522564365411,2.620967741935484
0.4,0.6942745896048997,2.6666666666666665
0.4,0.5774821230744877,2.7155172413793105
0.4,0.1752635181619632,2.356521739130435
0.4,0.4009504548390032,2.488
0.4,0.7099415254853183,2.7916666666666665
0.4,0.3370584576870708,2.4245283018867925
0.4,0.32946766947006695,2.543307086614173
0.4,0.9433689474272663,2.9612403100775193
0.4,nan,nan
0.4,nan,nan
0.4,nan,nan
0.4,nan,nan
0.4,nan,nan
0.4,nan,nan
0.4,nan,nan
0.4,nan,nan
0.4,nan,nan
0.4,nan,nan
0.4,0.7667558969646467,2.7642276422764227
0.4,0.44703576617300644,2.5625
0.4,0.8631442748919899,2.971223021582734
0.4,0.4789725818995651,2.619047619047619
0.4,0.552885397925431,2.625
0.4,0.379291961728397,2.431578947368421
0.4,0.3205750586335239,2.4227642276422765
0.4,0.6207336432496101,2.653225806451613
0.4,0.45032584287732197,2.5565217391304347
0.4,0.8160561306004941,2.888888888888889
0.4,nan,nan
0.4,nan,nan
0.4,nan,nan
0.4,nan,nan
0.4,nan,nan
0.4,nan,nan
0.4,nan,nan
0.4,nan,nan
0.4,nan,nan
0.4,nan,nan
0.4,0.5069360471693795,2.707317073170732
0.4,0.552814347200728,2.607843137254902
0.4,0.6564584788038006,2.7024793388429753
0.4,0.4054256535640849,2.4521739130434783
0.4,0.463979527398535,2.5793650793650795
0.4,0.4471077014784684,2.5242718446601944
0.4,0.2939385581975612,2.4310344827586206
0.4,0.7219826214819105,2.7777777777777777
0.4,0.2513154785359764,2.25
0.4,0.3811787311848859,2.526315789473684
0.4,nan,nan
0.4,nan,nan
0.4,nan,nan
0.4,nan,nan
0.4,nan,nan
0.4,nan,nan
0.4,nan,nan
0.4,nan,nan
0.4,nan,nan
0.4,nan,nan
0.4,0.7451417866078145,2.8833333333333333
0.4,0.48488052013093424,2.511111111111111
0.4,0.5961889552912699,2.76271186440678
0.4,0.3682043257458803,2.5130434782608697
0.4,0.27973234646447814,2.375
0.4,0.4727615084771756,2.4591836734693877
0.4,0.46446470671933965,2.5245901639344264
0.4,0.25303255353284676,2.390909090909091
0.4,0.5658789524868766,2.65625
0.4,0.5959154885863667,2.5350877192982457
0.4,nan,nan
0.4,nan,nan
0.4,nan,nan
0.4,nan,nan
0.4,nan,nan
0.4,nan,nan
0.4,nan,nan
0.4,nan,nan
0.4,nan,nan
0.4,nan,nan
0.4,0.40067561891033976,3.4272727272727272
0.4,0.44165290098723475,3.550387596899225
0.4,0.5968909212126068,3.772727272727273
0.4,0.367048672381987,3.5390625
0.4,0.5067504702064063,3.6693548387096775
0.4,0.2779199183721066,3.344
0.4,0.2806269114517055,3.435483870967742
0.4,0.5023604301785737,3.564516129032258
0.4,0.47839858476970953,3.5040650406504064
0.4,0.4663162452538851,3.525
0.4,nan,nan
0.4,nan,nan
0.4,nan,nan
0.4,nan,nan
0.4,nan,nan
0.4,nan,nan
0.4,nan,nan
0.4,nan,nan
0.4,nan,nan
0.4,nan,nan
0.4,0.6420358052518071,3.6484375
0.4,0.44172268372041934,3.5234375
0.4,0.42448131905731196,3.512396694214876
0.4,0.48444979742603594,3.514018691588785
0.4,0.3424498232563839,3.611111111111111
0.4,0.27487085634354147,3.3983050847457625
0.4,0.5759506377519706,3.7209302325581395
0.4,0.4440810815748196,3.6475409836065573
0.4,0.41637899244647086,3.558333333333333
0.4,1.0226307958203473,4.0
0.4,nan,nan
0.4,nan,nan
0.4,nan,nan
0.4,nan,nan
0.4,nan,nan
0.4,nan,nan
0.4,nan,nan
0.4,nan,nan
0.4,nan,nan
0.4,nan,nan
0.4,0.26883355442987733,3.4344262295081966
0.4,1.3586407357331305,4.101449275362318
0.4,0.5860436466146521,3.6535433070866143
0.4,0.38212629427069306,3.5254237288135593
0.4,0.7173801516260544,3.765151515151515
0.4,0.1652875675595169,3.238532110091743
0.4,0.3466433720320833,3.4455445544554455
0.4,0.6991603690380377,3.743119266055046
0.4,0.48532531799748624,3.708955223880597
0.4,0.6092172765382008,3.6793893129770994
0.4,nan,nan
0.4,nan,nan
0.4,nan,nan
0.4,nan,nan
0.4,nan,nan
0.4,nan,nan
0.4,nan,nan
0.4,nan,nan
0.4,nan,nan
0.4,nan,nan
0.4,0.5590606374609278,3.75
0.4,0.46682659984609404,3.652892561983471
0.4,0.43578087342026656,3.4873949579831933
0.4,0.38700306462555817,3.467741935483871
0.4,0.49886996091271063,3.5
0.4,0.8293755639712592,3.8363636363636364
0.4,0.446066963482834,3.55
0.4,0.6152345152103703,3.8333333333333335
0.4,0.5478835623673824,3.601769911504425
0.4,0.7133377039467672,3.7130434782608694
0.4,nan,nan
0.4,nan,nan
0.4,nan,nan
0.4,nan,nan
0.4,nan,nan
0.4,nan,nan
0.4,nan,nan
0.4,nan,nan
0.4,nan,nan
0.4,nan,nan
0.5,0.5546769851536308,3.8011049723756907
0.5,0.5647412053856317,3.6206896551724137
0.5,0.4876627917154799,3.6923076923076925
0.5,0.8603170273249002,3.9054054054054053
0.5,0.3212587570318954,3.443708609271523
0.5,1.0622803021398837,4.032467532467533
0.5,0.4361678646387157,3.6176470588235294
0.5,0.5176793792201432,3.656934306569343
0.5,0.5226009814650473,3.668711656441718
0.5,0.9120932838496473,4.1420118343195265
0.5,nan,nan
0.5,nan,nan
0.5,nan,nan
0.5,nan,nan
0.5,nan,nan
0.5,nan,nan
0.5,nan,nan
0.5,nan,nan
0.5,nan,nan
0.5,nan,nan
0.5,0.5703750362522786,3.7162162162162162
0.5,0.680447072485136,3.823529411764706
0.5,0.8056977627516424,4.093406593406593
0.5,0.7857703110474525,4.0119760479041915
0.5,0.835454187636027,3.9565217391304346
0.5,0.45537037568228766,3.5294117647058822
0.5,0.7671800794523311,3.9139072847682117
0.5,0.5755519393353201,3.664429530201342
0.5,0.5992187875874451,3.76027397260274
0.5,0.6295288855099955,3.7375886524822697
0.5,nan,nan
0.5,nan,nan
0.5,nan,nan
0.5,nan,nan
0.5,nan,nan
0.5,nan,nan
0.5,nan,nan
0.5,nan,nan
0.5,nan,nan
0.5,nan,nan
0.5,0.6457514190419021,3.8607594936708862
0.5,0.8371005387886005,3.9655172413793105
0.5,1.0199279768695115,4.099378881987578
0.5,0.5801508616489257,3.7611940298507465
0.5,0.7115500969271896,3.9454545454545453
0.5,0.4292244890694039,3.585185185185185
0.5,0.7109549238461067,3.8550724637681157
0.5,0.6690212995091122,3.719178082191781
0.5,0.44156230972743465,3.6129032258064515
0.5,0.6776123902406568,3.820143884892086
0.5,nan,nan
0.5,nan,nan
0.5,nan,nan
0.5,nan,nan
0.5,nan,nan
0.5,nan,nan
0.5,nan,nan
0.5,nan,nan
0.5,nan,nan
0.5,nan,nan
0.5,1.0753611095597955,4.157534246575342
0.5,0.8503599886551685,3.818840579710145
0.5,0.8178107735463666,3.9575757575757575
0.5,0.4353370680355667,3.627586206896552
0.5,0.5621340686270829,3.703225806451613
0.5,0.7291490194651274,3.7901234567901234
0.5,0.43919595894886715,3.7891156462585034
0.5,0.644424108593491,3.736196319018405
0.5,0.5533818550367616,3.7152317880794703
0.5,0.8972439474137776,3.841726618705036
0.5,nan,nan
0.5,nan,nan
0.5,nan,nan
0.5,nan,nan
0.5,nan,nan
0.5,nan,nan
0.5,nan,nan
0.5,nan,nan
0.5,nan,nan
0.5,nan,nan
0.5,0.833420540541644,4.0272108843537415
0.5,0.3737258203980015,3.5714285714285716
0.5,0.5231817098797912,3.7088607594936707
0.5,0.38782187814432884,3.5789473684210527
0.5,0.5958875354380274,3.7253521126760565
0.5,0.8533935445693276,3.9216867469879517
0.5,1.2307134743132901,4.218934911242603
0.5,0.8172060824152901,4.119496855345912
0.5,0.6958158432760694,4.0120481927710845
0.5,0.6686810493193477,3.803680981595092
0.5,nan,nan
0.5,nan,nan
0.5,nan,nan
0.5,nan,nan
0.5,nan,nan
0.5,nan,nan
0.5,nan,nan
0.5,nan,nan
0.5,nan,nan
0.5,nan,nan
0.5,0.38673690730027954,3.557823129251701
0.5,0.5115945598074328,3.6533333333333333
0.5,1.0818077431548714,4.212903225806452
0.5,0.5830165493758908,3.5441176470588234
0.5,0.40157367849826175,3.6095890410958904
0.5,0.4408933277765825,3.507042253521127
0.5,0.35662845239526175,3.5
0.5,0.5372173960857476,3.7019867549668874
0.5,0.5568793234351915,3.75625
0.5,0.999514806414258,4.157894736842105
0.5,nan,nan
0.5,nan,nan
0.5,nan,nan
0.5,nan,nan
0.5,nan,nan
0.5,nan,nan
0.5,nan,nan
0.5,nan,nan
0.5,nan,nan
0.5,nan,nan
0.5,0.9059474617993172,4.168674698795181
0.5,1.0615532216829786,4.092198581560283
0.5,0.6617673926503083,3.774390243902439
0.5,0.5249510846282754,3.6115107913669067
0.5,1.0782611246384501,4.065789473684211
0.5,0.877358036565111,3.878787878787879
0.5,0.7173492150326949,3.8026315789473686
0.5,1.151146160189602,4.387096774193548
0.5,0.7209223931276877,3.9261744966442955
0.5,0.4157263970993991,3.606060606060606
0.5,nan,nan
0.5,nan,nan
0.5,nan,nan
0.5,nan,nan
0.5,nan,nan
0.5,nan,nan
0.5,nan,nan
0.5,nan,nan
0.5,nan,nan
0.5,nan,nan
0.5,0.6843146511760586,3.858974358974359
0.5,0.5367937065821103,3.9034482758620688
0.5,0.7221122118518876,3.9558823529411766
0.5,0.6611788797412099,3.831081081081081
0.5,1.0730891124750142,4.315151515151515
0.5,0.7508676454544884,3.927710843373494
0.5,0.5038507967662009,3.7197452229299364
0.5,0.5313697407573974,3.7839506172839505
0.5,0.6532922977547488,3.8152866242038215
0.5,0.8875347848661704,4.05625
0.5,nan,nan
0.5,nan,nan
0.5,nan,nan
0.5,nan,nan
0.5,nan,nan
0.5,nan,nan
0.5,nan,nan
0.5,nan,nan
0.5,nan,nan
0.5,nan,nan
0.5,0.8855190044772107,4.100671140939597
0.5,0.5842543730110585,3.6301369863013697
0.5,1.0702963341891651,4.071895424836601
0.5,0.8513278538923187,4.065217391304348
0.5,0.5174603948242459,3.769230769230769
0.5,0.6027887503248621,3.6031746031746033
0.5,0.8459825980646514,4.025
0.5,1.0746493428167836,4.232258064516129
0.5,0.9365929437053586,4.083333333333333
0.5,0.7033042343512604,3.8974358974358974
0.5,nan,nan
0.5,nan,nan
0.5,nan,nan
0.5,nan,nan
0.5,nan,nan
0.5,nan,nan
0.5,nan,nan
0.5,nan,nan
0.5,nan,nan
0.5,nan,nan
0.5,0.9504888459120212,4.096774193548387
0.5,0.6903945520040415,3.8967741935483873
0.5,0.9025584557407456,3.9315068493150687
0.5,1.0509116118755482,4.167741935483871
0.5,0.6990209760111743,3.8734939759036147
0.5,0.9265938324842619,4.125748502994012
0.5,0.5017048185256325,3.602836879432624
0.5,0.6941185717394251,3.7253521126760565
0.5,0.5234697057264478,3.627586206896552
0.5,1.022128672060271,4.215686274509804
0.5,nan,nan
0.5,nan,nan
0.5,nan,nan
0.5,nan,nan
0.5,nan,nan
0.5,nan,nan
0.5,nan,nan
0.5,nan,nan
0.5,nan,nan
0.5,nan,nan
0.5,0.590219381631197,3.7737226277372264
0.5,0.8927426755283389,4.094594594594595
0.5,0.484359467610692,3.585526315789474
0.5,0.48446241802468776,3.5942028985507246
0.5,0.5861644192531352,3.6307692307692307
0.5,0.633292841928549,3.6504065040650406
0.5,0.47146701096970245,3.5724137931034483
0.5,0.7183614527947546,3.9785714285714286
0.5,0.6989194754139247,3.8366013071895426
0.5,0.6095480638977058,3.857142857142857
0.5,nan,nan
0.5,nan,nan
0.5,nan,nan
0.5,nan,nan
0.5,nan,nan
0.5,nan,nan
0.5,nan,nan
0.5,nan,nan
0.5,nan,nan
0.5,nan,nan
0.5,0.8487219245389305,4.006451612903226
0.5,0.568207801590949,3.81875
0.5,0.290542937798206,3.3603603603603602
0.5,1.0756575907561738,4.134615384615385
0.5,0.8136158246041946,3.9759036144578315
0.5,0.8890056535793739,4.031847133757962
0.5,0.5634076564062368,3.689655172413793
0.5,0.8340022329744466,4.118421052631579
0.5,0.6616874700700446,3.859060402684564
0.5,0.78116315650992,4.007352941176471
0.5,nan,nan
0.5,nan,nan
0.5,nan,nan
0.5,nan,nan
0.5,nan,nan
0.5,nan,nan
0.5,nan,nan
0.5,nan,nan
0.5,nan,nan
0.5,nan,nan
0.5,0.5657722222530557,3.7643312101910826
0.5,0.8436241823953029,4.129411764705883
0.5,0.7284150048127299,3.9556962025316458
0.5,0.9285220230850314,3.9808917197452227
0.5,0.3872389897799442,3.522727272727273
0.5,0.7462006867339268,3.9444444444444446
0.5,1.0510135962720761,4.128787878787879
0.5,0.6809508186861227,3.8658536585365852
0.5,0.4285699583361696,3.5786163522012577
0.5,0.7124934025095104,3.8523489932885906
0.5,nan,nan
0.5,nan,nan
0.5,nan,nan
0.5,nan,nan
0.5,nan,nan
0.5,nan,nan
0.5,nan,nan
0.5,nan,nan
0.5,nan,nan
0.5,nan,nan
0.5,0.6862409710949928,3.72
0.5,0.4863729067484179,3.6774193548387095
0.5,0.825513267476836,4.0
0.5,0.35610126343482656,3.54421768707483
0.5,0.6026032773086484,3.7739726027397262
0.5,0.6286887009833583,3.811320754716981
0.5,0.39434045193610046,3.6223776223776225
0.5,0.7052474687523719,4.0246913580246915
0.5,0.5630037674695946,3.6884057971014492
0.5,0.8128870853719542,3.8111888111888113
0.5,nan,nan
0.5,nan,nan
0.5,nan,nan
0.5,nan,nan
0.5,nan,nan
0.5,nan,nan
0.5,nan,nan
0.5,nan,nan
0.5,nan,nan
0.5,nan,nan
0.5,0.5788632562096248,3.6666666666666665
0.5,0.6826086860296615,3.8516129032258064
0.5,0.47364470471841563,3.6906474820143886
0.5,0.6091288296324333,3.689655172413793
0.5,0.8654364981260587,4.038216560509555
0.5,0.5978923987642606,3.6363636363636362
0.5,0.5520991791077373,3.6794871794871793
0.5,0.9091174820588745,4.102409638554217
0.5,0.641196474180464,3.9515151515151516
0.5,0.5646367749500225,3.738562091503268
0.5,nan,nan
0.5,nan,nan
0.5,nan,nan
0.5,nan,nan
0.5,nan,nan
0.5,nan,nan
0.5,nan,nan
0.5,nan,nan
0.5,nan,nan
0.5,nan,nan
0.6,1.497882579460174,4.721311475409836
0.6,0.9404213175832062,4.076086956521739
0.6,0.9791413972603563,4.171428571428572
0.6,1.2173102375172264,4.319277108433735
0.6,1.0207200192462447,4.15606936416185
0.6,0.7371156839972173,3.9838709677419355
0.6,0.8957469564139358,4.135869565217392
0.6,0.6225835063690104,3.8461538461538463
0.6,1.135861944344179,4.37696335078534
0.6,0.5124768475026443,3.75
0.6,nan,nan
0.6,nan,nan
0.6,nan,nan
0.6,nan,nan
0.6,nan,nan
0.6,nan,nan
0.6,nan,nan
0.6,nan,nan
0.6,nan,nan
0.6,nan,nan
0.6,0.8088296733689156,3.989071038251366
0.6,0.9874269743703842,4.220338983050848
0.6,1.2344708404172855,4.45
0.6,1.3818474287197489,4.39622641509434
0.6,0.7761532462881592,4.066666666666666
0.6,0.9652488558763455,4.266666666666667
0.6,0.8137951553907437,4.080459770114943
0.6,0.7978273064960292,4.0
0.6,1.02255543860922,4.14375
0.6,1.0957995660853148,4.346938775510204
0.6,nan,nan
0.6,nan,nan
0.6,nan,nan
0.6,nan,nan
0.6,nan,nan
0.6,nan,nan
0.6,nan,nan
0.6,nan,nan
0.6,nan,nan
0.6,nan,nan
0.6,1.8046930591465145,4.962365591397849
0.6,0.6090225050563578,3.8440860215053765
0.6,0.6854343328373631,3.9385474860335195
0.6,1.22711379093311,4.304347826086956
0.6,0.7763377636051526,4.060109289617486
0.6,0.9359117792386529,4.076433121019108
0.6,0.7554996125570891,4.023529411764706
0.6,0.5875049875621331,3.9653179190751446
0.6,0.7178759714427421,3.8853503184713376
0.6,0.8725647340505217,4.027027027027027
0.6,nan,nan
0.6,nan,nan
0.6,nan,nan
0.6,nan,nan
0.6,nan,nan
0.6,nan,nan
0.6,nan,nan
0.6,nan,nan
0.6,nan,nan
0.6,nan,nan
0.6,0.6266611145541257,3.871657754010695
0.6,0.9557884149346744,4.127906976744186
0.6,1.2349639381697468,4.216867469879518
0.6,0.6263311411435137,3.9473684210526314
0.6,0.6707122733344396,3.888235294117647
0.6,0.7989976653176928,4.0
0.6,1.5895025315653422,4.730964467005077
0.6,0.967730017651568,4.113636363636363
0.6,0.7589301081231848,3.9318181818181817
0.6,1.2090688683236024,4.298136645962733
0.6,nan,nan
0.6,nan,nan
0.6,nan,nan
0.6,nan,nan
0.6,nan,nan
0.6,nan,nan
0.6,nan,nan
0.6,nan,nan
0.6,nan,nan
0.6,nan,nan
0.6,1.257475083618728,4.463917525773196
0.6,0.6242588330638064,3.886904761904762
0.6,0.8117764451395281,4.0
0.6,0.7495300866064856,4.060773480662983
0.6,1.6690053680716697,4.784090909090909
0.6,1.2398121870576744,4.39375
0.6,0.5677350915051864,3.7378048780487805
0.6,0.7399997233747859,4.052910052910053
0.6,1.0384264758690889,4.255681818181818
0.6,1.0845864739219342,4.267379679144385
0.6,nan,nan
0.6,nan,nan
0.6,nan,nan
0.6,nan,nan
0.6,nan,nan
0.6,nan,nan
0.6,nan,nan
0.6,nan,nan
0.6,nan,nan
0.6,nan,nan
0.6,1.3326279345004965,5.548223350253807
0.6,1.1310947429861768,5.228915662650603
0.6,1.1102860489048514,5.388349514563107
0.6,0.7772907971758335,4.8930817610062896
0.6,0.5985697270244043,4.904761904761905
0.6,1.6819252690515476,5.907766990291262
0.6,0.8913211537942757,5.039735099337748
0.6,0.5926121028710182,4.829545454545454
0.6,0.6840039340737665,4.910179640718563
0.6,0.4959793730681637,4.597315436241611
0.6,nan,nan
0.6,nan,nan
0.6,nan,nan
0.6,nan,nan
0.6,nan,nan
0.6,nan,nan
0.6,nan,nan
0.6,nan,nan
0.6,nan,nan
0.6,nan,nan
0.6,0.8552767884139415,7.1938775510204085
0.6,1.0427798439872666,7.081871345029239
0.6,0.9079499598478987,7.074074074074074
0.6,0.9743086498305438,7.25
0.6,0.956595053628443,7.252577319587629
0.6,1.102716970027193,7.237569060773481
0.6,0.49357279873956167,6.664634146341464
0.6,1.016230332577163,7.355
0.6,0.799342348836869,7.053254437869822
0.6,1.3975813175646021,7.814814814814815
0.6,nan,nan
0.6,nan,nan
0.6,nan,nan
0.6,nan,nan
0.6,nan,nan
0.6,nan,nan
0.6,nan,nan
0.6,nan,nan
0.6,nan,nan
0.6,nan,nan
0.6,1.4118983664807196,7.620111731843576
0.6,0.9842373042268728,7.129213483146067
0.6,2.502716097292507,8.566666666666666
0.6,0.5947805660487864,6.8427672955974845
0.6,1.6772823414837377,7.701570680628272
0.6,0.6204299759043966,6.902702702702703
0.6,1.595436215595337,7.768041237113402
0.6,0.7269917606558362,6.953216374269005
0.6,0.7359036582387675,6.904458598726115
0.6,0.7482322414040963,7.0285714285714285
0.6,nan,nan
0.6,nan,nan
0.6,nan,nan
0.6,nan,nan
0.6,nan,nan
0.6,nan,nan
0.6,nan,nan
0.6,nan,nan
0.6,nan,nan
0.6,nan,nan
0.6,1.0161987131033916,7.245901639344262
0.6,0.8838883478222391,7.040229885057471
0.6,0.7171602374822189,6.881081081081081
0.6,0.5767871412283186,6.765714285714286
0.6,0.8619242716534705,7.092391304347826
0.6,1.4485064583945417,7.568527918781726
0.6,0.8707171349931033,7.179012345679013
0.6,0.9743716016645791,7.243243243243243
0.6,0.8316815005473668,7.091397849462366
0.6,0.6567956389191237,7.023952095808383
0.6,nan,nan
0.6,nan,nan
0.6,nan,nan
0.6,nan,nan
0.6,nan,nan
0.6,nan,nan
0.6,nan,nan
0.6,nan,nan
0.6,nan,nan
0.6,nan,nan
0.6,0.6165728534493273,10.956521739130435
0.6,0.812576917287125,11.103092783505154
0.6,0.7950578383117014,10.993827160493828
0.6,1.030364285086636,11.281553398058252
0.6,0.7807770606329759,10.941558441558442
0.6,1.233616970336666,11.295698924731182
0.6,1.1292560135414027,11.280898876404494
0.6,1.544499953617466,11.655172413793103
0.6,1.561683874556257,11.534591194968554
0.6,0.6988700976798855,11.101694915254237
0.6,nan,nan
0.6,nan,nan
0.6,nan,nan
0.6,nan,nan
0.6,nan,nan
0.6,nan,nan
0.6,nan,nan
0.6,nan,nan
0.6,nan,nan
0.6,nan,nan
0.6,0.6678347491170024,11.843575418994414
0.6,0.6896138788899226,11.83435582822086
0.6,0.7090990456839753,12.06547619047619
0.6,1.108514959874659,12.26923076923077
0.6,0.9059363791943535,12.160621761658032
0.6,1.5308469762996608,12.73224043715847
0.6,0.7156061295165981,11.923976608187134
0.6,0.5388409564047042,11.769662921348315
0.6,0.6449407149505186,11.785714285714286
0.6,1.0002350199542218,12.289473684210526
0.6,nan,nan
0.6,nan,nan
0.6,nan,nan
0.6,nan,nan
0.6,nan,nan
0.6,nan,nan
0.6,nan,nan
0.6,nan,nan
0.6,nan,nan
0.6,nan,nan
0.6,0.9734625584761448,12.255
0.6,0.8886551927566897,12.137440758293838
0.6,0.8428260189259683,12.196531791907514
0.6,1.100772418065972,12.252808988764045
0.6,0.9048292866825125,12.0
0.6,0.8653559762979893,12.011494252873563
0.6,0.6974157721370949,11.905263157894737
0.6,0.9872056898621218,12.077777777777778
0.6,0.704755877093626,11.819209039548022
0.6,0.8453544415968158,12.119791666666666
0.6,nan,nan
0.6,nan,nan
0.6,nan,nan
0.6,nan,nan
0.6,nan,nan
0.6,nan,nan
0.6,nan,nan
0.6,nan,nan
0.6,nan,nan
0.6,nan,nan
0.6,1.1171186802607296,12.333333333333334
0.6,0.9439432261338768,12.186868686868687
0.6,1.1992987571939622,12.457711442786069
0.6,1.1357038493383804,12.407216494845361
0.6,0.7905162821090269,12.205555555555556
0.6,0.7256812447433623,11.864406779661017
0.6,0.7325291758150168,11.95906432748538
0.6,0.5537001101596997,11.75
0.6,0.7870303072020053,12.0
0.6,0.8386431689895343,12.058823529411764
0.6,nan,nan
0.6,nan,nan
0.6,nan,nan
0.6,nan,nan
0.6,nan,nan
0.6,nan,nan
0.6,nan,nan
0.6,nan,nan
0.6,nan,nan
0.6,nan,nan
0.6,0.8162775300334746,12.064102564102564
0.6,1.0665096163764054,12.28494623655914
0.6,0.6737852882348554,11.786127167630058
0.6,0.7293307758421861,11.85064935064935
0.6,0.8304918603832595,12.064864864864864
0.6,0.5484526677030827,11.846994535519126
0.6,1.818237621218053,12.87434554973822
0.6,0.8142065343816416,11.974226804123711
0.6,1.301420415529686,12.21951219512195
0.6,1.0347230449527234,12.333333333333334
0.6,nan,nan
0.6,nan,nan
0.6,nan,nan
0.6,nan,nan
0.6,nan,nan
0.6,nan,nan
0.6,nan,nan
0.6,nan,nan
0.6,nan,nan
0.6,nan,nan
0.6,0.9249025248897425,12.194285714285714
0.6,1.3093167206244796,12.432748538011696
0.6,1.178658986286827,12.375
0.6,1.0607771481608057,12.312820512820513
0.6,1.0398060389113168,12.1875
0.6,1.1073095504981871,12.299492385786802
0.6,0.9507357783885356,12.263157894736842
0.6,0.738075120796254,12.010471204188482
0.6,1.034068338082193,12.34375
0.6,0.9262461657109246,12.237837837837837
0.6,nan,nan
0.6,nan,nan
0.6,nan,nan
0.6,nan,nan
0.6,nan,nan
0.6,nan,nan
0.6,nan,nan
0.6,nan,nan
0.6,nan,nan
0.6,nan,nan
0.7,1.7934648497937205,13.009478672985782
0.7,1.0686855016362242,12.307692307692308
0.7,0.6198755506979059,11.840425531914894
0.7,0.8903695800652155,12.22110552763819
0.7,0.7577623708984609,12.010752688172044
0.7,1.7057031568341348,13.070484581497798
0.7,0.886486390979252,12.257281553398059
0.7,1.4107286444047986,12.58252427184466
0.7,1.0486295223900124,12.203592814371257
0.7,1.1500151659755609,12.421621621621622
0.7,nan,nan
0.7,nan,nan
0.7,nan,nan
0.7,nan,nan
0.7,nan,nan
0.7,nan,nan
0.7,nan,nan
0.7,nan,nan
0.7,nan,nan
0.7,nan,nan
0.7,1.7172775881603939,13.018433179723502
0.7,1.1001506489856792,12.58849557522124
0.7,1.6159145932269547,12.773148148148149
0.7,1.7256645031717353,13.222222222222221
0.7,1.6827586000140144,13.158878504672897
0.7,1.7387174284113602,13.075471698113208
0.7,1.74734653936267,12.877659574468085
0.7,0.8610097799757407,12.22429906542056
0.7,1.5891744710191968,12.882845188284518
0.7,1.825739932183601,13.033980582524272
0.7,nan,nan
0.7,nan,nan
0.7,nan,nan
0.7,nan,nan
0.7,nan,nan
0.7,nan,nan
0.7,nan,nan
0.7,nan,nan
0.7,nan,nan
0.7,nan,nan
0.7,1.4014602033034533,13.632743362831858
0.7,1.6100905710037465,14.00462962962963
0.7,1.9041829368661922,14.231481481481481
0.7,0.7638640451664357,13.139175257731958
0.7,0.6357400147226997,12.908653846153847
0.7,1.0629293825792214,13.526785714285714
0.7,2.8049284058420394,14.687203791469194
0.7,1.0902284294267948,13.284403669724771
0.7,1.0645081126361096,13.512562814070352
0.7,1.160541831852576,13.585714285714285
0.7,nan,nan
0.7,nan,nan
0.7,nan,nan
0.7,nan,nan
0.7,nan,nan
0.7,nan,nan
0.7,nan,nan
0.7,nan,nan
0.7,nan,nan
0.7,nan,nan
0.7,2.1367608038373773,14.410480349344978
0.7,0.5386385270993509,12.864321608040202
0.7,1.068898861666958,13.294685990338165
0.7,0.6128029560008171,12.97716894977169
0.7,1.2419286212844047,13.683760683760683
0.7,1.0885565937383321,13.396135265700483
0.7,1.033478152114556,13.287735849056604
0.7,2.076458501335571,14.452173913043477
0.7,1.0610455705451278,13.262032085561497
0.7,1.1669877713792554,13.495283018867925
0.7,nan,nan
0.7,nan,nan
0.7,nan,nan
0.7,nan,nan
0.7,nan,nan
0.7,nan,nan
0.7,nan,nan
0.7,nan,nan
0.7,nan,nan
0.7,nan,nan
0.7,1.326294490730204,13.479452054794521
0.7,1.0858356487419585,13.488372093023257
0.7,0.7247307071707383,13.015
0.7,1.0843988077021418,13.424242424242424
0.7,1.3756450307255468,13.685714285714285
0.7,0.9998877105678368,13.408866995073891
0.7,1.1932167919883114,13.539267015706807
0.7,1.102792212770625,13.368421052631579
0.7,1.3954786503616752,13.851528384279476
0.7,1.6940454817936288,14.0
0.7,nan,nan
0.7,nan,nan
0.7,nan,nan
0.7,nan,nan
0.7,nan,nan
0.7,nan,nan
0.7,nan,nan
0.7,nan,nan
0.7,nan,nan
0.7,nan,nan
0.7,1.519395003400959,13.699481865284975
0.7,1.0464165498645237,13.527027027027026
0.7,1.4105224464776756,13.737864077669903
0.7,1.4603989473918917,13.795454545454545
0.7,1.0992881188953412,13.356382978723405
0.7,1.1435778263634704,13.365079365079366
0.7,1.3695968294349978,13.846153846153847
0.7,1.1227528644177696,13.430622009569378
0.7,2.1096501208226504,14.266968325791856
0.7,1.2938579037241875,13.713080168776372
0.7,nan,nan
0.7,nan,nan
0.7,nan,nan
0.7,nan,nan
0.7,nan,nan
0.7,nan,nan
0.7,nan,nan
0.7,nan,nan
0.7,nan,nan
0.7,nan,nan
0.7,1.167515031423608,14.548387096774194
0.7,1.6837509385673852,15.097674418604651
0.7,1.2698396941373036,14.592105263157896
0.7,1.341946078329455,14.57345971563981
0.7,0.6351345438444287,13.935828877005347
0.7,1.242740413748467,14.492753623188406
0.7,1.0787116961984926,14.368686868686869
0.7,0.8923561578256912,14.101522842639595
0.7,1.001568947450097,14.24390243902439
0.7,1.1077683233228703,14.44390243902439
0.7,nan,nan
0.7,nan,nan
0.7,nan,nan
0.7,nan,nan
0.7,nan,nan
0.7,nan,nan
0.7,nan,nan
0.7,nan,nan
0.7,nan,nan
0.7,nan,nan
0.7,1.4254117483593067,14.711340206185566
0.7,1.4093980399669275,14.57286432160804
0.7,1.0845769997019352,14.519607843137255
0.7,1.3759982140165528,14.872427983539094
0.7,0.7502703218271721,14.108695652173912
0.7,0.7467239510721605,13.96236559139785
0.7,1.512044362004692,15.136363636363637
0.7,1.6970475435840875,15.071428571428571
0.7,0.8774506123173382,14.23943661971831
0.7,1.981236608722236,15.530805687203792
0.7,nan,nan
0.7,nan,nan
0.7,nan,nan
0.7,nan,nan
0.7,nan,nan
0.7,nan,nan
0.7,nan,nan
0.7,nan,nan
0.7,nan,nan
0.7,nan,nan
0.7,1.3967674231989595,18.741626794258373
0.7,1.2715263308625837,18.568075117370892
0.7,0.737282533681723,17.95212765957447
0.7,2.2462744902476146,19.6218487394958
0.7,1.0157493196643348,18.119565217391305
0.7,1.5892835342183969,18.85377358490566
0.7,0.732007544589407,17.865168539325843
0.7,1.7567292138567532,19.12562814070352
0.7,0.5726325385119557,17.84020618556701
0.7,1.2708166058874624,18.753246753246753
0.7,nan,nan
0.7,nan,nan
0.7,nan,nan
0.7,nan,nan
0.7,nan,nan
0.7,nan,nan
0.7,nan,nan
0.7,nan,nan
0.7,nan,nan
0.7,nan,nan
0.7,1.1992701149479656,19.44927536231884
0.7,1.5796830391882737,19.936893203883496
0.7,1.358927453778353,19.677419354838708
0.7,0.6135551292454314,18.947619047619046
0.7,0.5519929936639947,18.863636363636363
0.7,0.9230388378799373,19.212264150943398
0.7,0.9606857456108615,19.26388888888889
0.7,1.2757198084090677,19.635467980295566
0.7,1.1187599141914824,19.406542056074766
0.7,0.8767790962025748,19.085561497326204
0.7,nan,nan
0.7,nan,nan
0.7,nan,nan
0.7,nan,nan
0.7,nan,nan
0.7,nan,nan
0.7,nan,nan
0.7,nan,nan
0.7,nan,nan
0.7,nan,nan
0.7,0.8679897810974019,19.24390243902439
0.7,0.8777857493209785,19.24884792626728
0.7,1.04963627218617,19.378504672897197
0.7,0.5912472804147353,18.965686274509803
0.7,1.3632355350458176,19.62121212121212
0.7,1.6834119500729705,20.14090909090909
0.7,1.0966763756488926,19.302083333333332
0.7,1.3298809496013646,19.761061946902654
0.7,2.0125183848223736,20.200892857142858
0.7,1.4476286725097136,19.908675799086758
0.7,nan,nan
0.7,nan,nan
0.7,nan,nan
0.7,nan,nan
0.7,nan,nan
0.7,nan,nan
0.7,nan,nan
0.7,nan,nan
0.7,nan,nan
0.7,nan,nan
0.7,0.8089456177443641,21.08910891089109
0.7,1.1344497018087187,21.46766169154229
0.7,1.6541074895652663,21.95067264573991
0.7,0.695406066037941,20.96551724137931
0.7,2.308692391019936,22.527272727272727
0.7,1.3385025765216092,21.83111111111111
0.7,0.6496686190781022,20.77777777777778
0.7,1.0385063304524402,21.371287128712872
0.7,1.2581419574983055,21.596938775510203
0.7,1.082121140808594,21.34010152284264
0.7,nan,nan
0.7,nan,nan
0.7,nan,nan
0.7,nan,nan
0.7,nan,nan
0.7,nan,nan
0.7,nan,nan
0.7,nan,nan
0.7,nan,nan
0.7,nan,nan
0.7,1.2197723407433096,22.47029702970297
0.7,1.6142964568249476,22.719806763285025
0.7,1.9672990210994246,23.14851485148515
0.7,1.3005319602127656,22.494949494949495
0.7,0.6533750068060242,21.914893617021278
0.7,1.1170968265664365,22.497607655502392
0.7,1.5317466371520456,22.81042654028436
0.7,1.2037032453944159,22.55
0.7,1.1081256982293683,22.38421052631579
0.7,0.869891922321594,22.22488038277512
0.7,nan,nan
0.7,nan,nan
0.7,nan,nan
0.7,nan,nan
0.7,nan,nan
0.7,nan,nan
0.7,nan,nan
0.7,nan,nan
0.7,nan,nan
0.7,nan,nan
0.7,0.8183903511187287,22.15137614678899
0.7,1.3375132893752244,22.442786069651742
0.7,1.0692761371818738,22.516908212560388
0.7,0.7262564300340651,22.015625
0.7,1.473152353327674,22.92792792792793
0.7,1.1538836725983557,22.485294117647058
0.7,0.6534826482373794,21.852272727272727
0.7,1.162655196313608,22.39408866995074
0.7,1.2714213820480103,22.662037037037038
0.7,0.6801160864669502,21.934343434343436
0.7,nan,nan
0.7,nan,nan
0.7,nan,nan
0.7,nan,nan
0.7,nan,nan
0.7,nan,nan
0.7,nan,nan
0.7,nan,nan
0.7,nan,nan
0.7,nan,nan
0.7,1.031698972850895,22.34825870646766
0.7,1.0064487054943654,22.256281407035175
0.7,1.3246856749319138,22.502645502645503
0.7,1.0629271143766563,22.471153846153847
0.7,1.102878155323143,22.457013574660632
0.7,0.6706347637244099,21.928229665071772
0.7,2.5535206718599537,23.645631067961165
0.7,2.352473975387655,23.511627906976745
0.7,0.8518443793825218,22.219730941704036
0.7,0.77024515999359,21.994897959183675
0.7,nan,nan
0.7,nan,nan
0.7,nan,nan
0.7,nan,nan
0.7,nan,nan
0.7,nan,nan
0.7,nan,nan
0.7,nan,nan
0.7,nan,nan
0.7,nan,nan
0.8,2.4840285941265123,23.87704918032787
0.8,4.077392691688131,25.093617021276597
0.8,1.3346508955769432,22.782608695652176
0.8,1.5214945904314714,23.12295081967213
0.8,1.118404117910898,22.437246963562753
0.8,1.5262069194196326,22.978632478632477
0.8,1.6719307440534996,23.06382978723404
0.8,1.1612788676503627,22.34722222222222
0.8,1.8250581254753808,23.14977973568282
0.8,1.1715696061906231,22.643153526970956
0.8,nan,nan
0.8,nan,nan
0.8,nan,nan
0.8,nan,nan
0.8,nan,nan
0.8,nan,nan
0.8,nan,nan
0.8,nan,nan
0.8,nan,nan
0.8,nan,nan
0.8,1.4153962893140222,23.73148148148148
0.8,2.6186400709434814,24.87391304347826
0.8,2.264465193162879,24.620833333333334
0.8,2.1319066202622654,24.546184738955823
0.8,1.0200591445172447,23.458515283842793
0.8,1.4650679407973832,23.87772925764192
0.8,1.2392478823055826,23.705069124423964
0.8,1.5116620315311808,23.72961373390558
0.8,1.8290572787601964,24.304526748971192
0.8,1.8176354344035217,24.23949579831933
0.8,nan,nan
0.8,nan,nan
0.8,nan,nan
0.8,nan,nan
0.8,nan,nan
0.8,nan,nan
0.8,nan,nan
0.8,nan,nan
0.8,nan,nan
0.8,nan,nan
0.8,2.2424383250532998,25.80081300813008
0.8,1.9119360674149888,25.36326530612245
0.8,1.8976500651589703,25.233333333333334
0.8,1.8450355672966208,25.45748987854251
0.8,3.942180406569495,27.1640625
0.8,2.2569483755885003,25.772727272727273
0.8,1.3685985239358616,24.67391304347826
0.8,3.906025930137656,27.015209125475284
0.8,2.7355419534483096,26.012244897959185
0.8,1.3460646340039049,24.933920704845814
0.8,nan,nan
0.8,nan,nan
0.8,nan,nan
0.8,nan,nan
0.8,nan,nan
0.8,nan,nan
0.8,nan,nan
0.8,nan,nan
0.8,nan,nan
0.8,nan,nan
0.8,1.6030702237438637,27.272727272727273
0.8,1.3847362213438066,26.746938775510205
0.8,3.5685298878004064,28.73228346456693
0.8,2.1779168697526265,27.829710144927535
0.8,1.4369700250211792,26.841201716738198
0.8,1.3165911813932272,26.660714285714285
0.8,1.5031067988996116,26.743478260869566
0.8,1.5034358123331835,26.88936170212766
0.8,1.5081079084857896,26.961038961038962
0.8,1.3079536073257534,26.665271966527197
0.8,nan,nan
0.8,nan,nan
0.8,nan,nan
0.8,nan,nan
0.8,nan,nan
0.8,nan,nan
0.8,nan,nan
0.8,nan,nan
0.8,nan,nan
0.8,nan,nan
0.8,2.4768809625460717,29.774058577405857
0.8,1.209466954432089,28.848837209302324
0.8,1.2667842982864994,28.79741379310345
0.8,1.9812478150626458,29.652014652014653
0.8,1.3748994597897954,28.872427983539094
0.8,1.8899172498531134,29.244
0.8,2.143763131981359,29.612903225806452
0.8,1.1369842169227666,28.708695652173912
0.8,1.8814192164346317,29.54230769230769
0.8,1.2235327989662999,28.642553191489363
0.8,nan,nan
0.8,nan,nan
0.8,nan,nan
0.8,nan,nan
0.8,nan,nan
0.8,nan,nan
0.8,nan,nan
0.8,nan,nan
0.8,nan,nan
0.8,nan,nan
0.8,1.1536064989736416,28.608333333333334
0.8,2.3907450594415476,29.68695652173913
0.8,1.6082699804447629,28.982758620689655
0.8,1.3439091756563057,28.797520661157026
0.8,1.8322938526428207,29.078703703703702
0.8,3.207110814817049,30.771535580524343
0.8,2.5066267818958505,29.85496183206107
0.8,1.7556061687972744,29.152173913043477
0.8,1.5574772476132959,28.841666666666665
0.8,1.0879060101554145,28.49775784753363
0.8,nan,nan
0.8,nan,nan
0.8,nan,nan
0.8,nan,nan
0.8,nan,nan
0.8,nan,nan
0.8,nan,nan
0.8,nan,nan
0.8,nan,nan
0.8,nan,nan
0.8,1.550589903561077,33.11063829787234
0.8,2.278018095531116,33.5311004784689
0.8,1.2590239340005014,32.608333333333334
0.8,1.2647078949137218,32.6890756302521
0.8,1.7147453213310146,33.22821576763486
0.8,1.7813741990428502,33.148936170212764
0.8,2.464598123519659,33.74889867841409
0.8,3.552535644802761,34.9453125
0.8,2.0370562437560786,33.99591836734694
0.8,2.486338244353179,33.82857142857143
0.8,nan,nan
0.8,nan,nan
0.8,nan,nan
0.8,nan,nan
0.8,nan,nan
0.8,nan,nan
0.8,nan,nan
0.8,nan,nan
0.8,nan,nan
0.8,nan,nan
0.8,1.7079536629361753,33.995652173913044
0.8,3.7260775336627776,35.9622641509434
0.8,1.1675575157183977,33.670731707317074
0.8,1.568784102347979,34.03813559322034
0.8,2.7736743039511613,35.200803212851405
0.8,1.376818350135858,33.83057851239669
0.8,1.219790663833853,33.52564102564103
0.8,3.066185872097052,35.567796610169495
0.8,2.3191937275742056,34.84860557768924
0.8,1.5468860388521366,33.922077922077925
0.8,nan,nan
0.8,nan,nan
0.8,nan,nan
0.8,nan,nan
0.8,nan,nan
0.8,nan,nan
0.8,nan,nan
0.8,nan,nan
0.8,nan,nan
0.8,nan,nan
0.8,1.30704772425291,33.82083333333333
0.8,4.05573694891205,36.39688715953307
0.8,2.281933293576851,34.91949152542373
0.8,1.7443829613729112,34.104838709677416
0.8,1.9013918545400457,33.80542986425339
0.8,2.3088109097026686,34.863157894736844
0.8,2.78540901470479,35.17045454545455
0.8,1.7490431136041296,34.107142857142854
0.8,1.1967098276403179,33.6
0.8,1.929793197524945,34.428
0.8,nan,nan
0.8,nan,nan
0.8,nan,nan
0.8,nan,nan
0.8,nan,nan
0.8,nan,nan
0.8,nan,nan
0.8,nan,nan
0.8,nan,nan
0.8,nan,nan
0.8,1.0388151456219163,33.59111111111111
0.8,1.5245142702835432,33.87763713080169
0.8,1.6404204236887263,33.9698275862069
0.8,2.1345024116868343,34.70517928286853
0.8,2.5372754507726385,34.96969696969697
0.8,1.1858843697133827,33.45909090909091
0.8,2.4344768583295,34.75403225806452
0.8,2.1291212732421627,34.44298245614035
0.8,1.2555947627845085,33.7198275862069
0.8,0.9804514561117288,33.44957983193277
0.8,nan,nan
0.8,nan,nan
0.8,nan,nan
0.8,nan,nan
0.8,nan,nan
0.8,nan,nan
0.8,nan,nan
0.8,nan,nan
0.8,nan,nan
0.8,nan,nan
0.8,1.6731419065601898,34.03004291845494
0.8,0.8830106472426174,33.2
0.8,1.0764116511271897,33.38864628820961
0.8,1.7144873517781833,33.86057692307692
0.8,1.5042595956285874,33.881057268722465
0.8,1.3028864100176756,33.919642857142854
0.8,2.0003852021785247,34.402542372881356
0.8,2.092506535380089,34.48046875
0.8,1.0617129337185234,33.52892561983471
0.8,0.9893049518024478,33.53968253968254
0.8,nan,nan
0.8,nan,nan
0.8,nan,nan
0.8,nan,nan
0.8,nan,nan
0.8,nan,nan
0.8,nan,nan
0.8,nan,nan
0.8,nan,nan
0.8,nan,nan
0.8,2.494263331290516,34.851694915254235
0.8,2.234778442269728,34.66798418972332
0.8,4.109963494710939,36.338345864661655
0.8,1.4280062760104315,34.02040816326531
0.8,1.557428270061223,33.75471698113208
0.8,2.5164229999317573,35.31481481481482
0.8,1.9803578947899583,34.693617021276594
0.8,2.310406519759785,34.457013574660635
0.8,2.5957223301559114,34.48458149779736
0.8,1.7805817003183628,34.07943925233645
0.8,nan,nan
0.8,nan,nan
0.8,nan,nan
0.8,nan,nan
0.8,nan,nan
0.8,nan,nan
0.8,nan,nan
0.8,nan,nan
0.8,nan,nan
0.8,nan,nan
0.8,3.7868476840273284,35.25541125541125
0.8,2.8352084437315788,35.02439024390244
0.8,1.1951924426555494,33.534188034188034
0.8,1.871827619873804,34.35114503816794
0.8,1.3032588460127623,33.83467741935484
0.8,2.2984175459850067,34.716
0.8,2.239717114775351,34.68936170212766
0.8,1.2138511983850064,33.64255319148936
0.8,1.8286752729797209,34.27916666666667
0.8,1.0157298116473368,33.417040358744394
0.8,nan,nan
0.8,nan,nan
0.8,nan,nan
0.8,nan,nan
0.8,nan,nan
0.8,nan,nan
0.8,nan,nan
0.8,nan,nan
0.8,nan,nan
0.8,nan,nan
0.8,2.0481923867488896,35.27952755905512
0.8,2.161484040474085,35.66030534351145
0.8,3.45493401111676,36.792156862745095
0.8,1.7524958797600079,35.10344827586207
0.8,2.630054037148198,35.946058091286304
0.8,1.6091277899487335,35.0
0.8,1.092082594548178,34.42857142857143
0.8,1.7778104103226033,35.15668202764977
0.8,1.4727479492737274,35.04979253112033
0.8,1.4514668522257512,34.80995475113122
0.8,nan,nan
0.8,nan,nan
0.8,nan,nan
0.8,nan,nan
0.8,nan,nan
0.8,nan,nan
0.8,nan,nan
0.8,nan,nan
0.8,nan,nan
0.8,nan,nan
0.8,1.3869463081499822,34.88412017167382
0.8,1.993948520516817,36.22605363984675
0.8,1.2734855505820655,34.575221238938056
0.8,1.8626125219711305,35.66135458167331
0.8,1.2542241365522822,34.56666666666667
0.8,1.201006793089508,34.56595744680851
0.8,1.5568249850152844,34.96506550218341
0.8,1.876638898399009,35.09216589861751
0.8,1.529093858307734,34.979166666666664
0.8,1.3118073998879838,34.58878504672897
0.8,nan,nan
0.8,nan,nan
0.8,nan,nan
0.8,nan,nan
0.8,nan,nan
0.8,nan,nan
0.8,nan,nan
0.8,nan,nan
0.8,nan,nan
0.8,nan,nan
0.9,1.3738463764535351,34.806584362139915
0.9,5.637924497256997,38.05555555555556
0.9,2.553187286952434,36.18248175182482
0.9,4.127209569755518,37.40217391304348
0.9,3.24813434200462,35.50194552529183
0.9,2.7999340246848017,36.193548387096776
0.9,3.201087825120566,37.00366300366301
0.9,0.9270562019779529,34.46090534979424
0.9,2.476912414917027,36.05338078291815
0.9,1.647261785218692,35.31159420289855
0.9,nan,nan
0.9,nan,nan
0.9,nan,nan
0.9,nan,nan
0.9,nan,nan
0.9,nan,nan
0.9,nan,nan
0.9,nan,nan
0.9,nan,nan
0.9,nan,nan
0.9,3.1752887617553585,36.471698113207545
0.9,1.3277391990054033,34.91633466135458
0.9,4.76212890261263,37.94306049822064
0.9,2.6448712908067877,36.59929078014184
0.9,3.6803276907162736,37.352112676056336
0.9,1.7298072359076733,35.30877192982456
0.9,2.713094693548496,36.424710424710426
0.9,2.7371022391265836,36.0
0.9,3.1924078746284636,37.90588235294118
0.9,2.0125213737103493,35.69140625
0.9,nan,nan
0.9,nan,nan
0.9,nan,nan
0.9,nan,nan
0.9,nan,nan
0.9,nan,nan
0.9,nan,nan
0.9,nan,nan
0.9,nan,nan
0.9,nan,nan
0.9,4.294270765076606,40.251724137931035
0.9,1.3262206140176482,36.954198473282446
0.9,2.84692114441644,39.31521739130435
0.9,2.6333000342933164,38.06949806949807
0.9,1.812952476850981,37.77153558052434
0.9,1.5224566426881647,37.14
0.9,2.651729055257327,37.82520325203252
0.9,2.446031452506646,37.652671755725194
0.9,0.8718286436280315,36.24152542372882
0.9,2.3951306095316465,37.63598326359833
0.9,nan,nan
0.9,nan,nan
0.9,nan,nan
0.9,nan,nan
0.9,nan,nan
0.9,nan,nan
0.9,nan,nan
0.9,nan,nan
0.9,nan,nan
0.9,nan,nan
0.9,1.4204254298594952,37.02390438247012
0.9,3.3662200798198283,39.40955631399317
0.9,4.14994956159276,40.20065789473684
0.9,1.731556946532525,37.443609022556394
0.9,1.646533572050453,37.11864406779661
0.9,3.8159980403831564,39.47586206896552
0.9,2.547907408063808,38.223880597014926
0.9,1.2371480361567968,36.85507246376812
0.9,3.1350528926269123,38.74031007751938
0.9,5.226642059795686,40.68840579710145
0.9,nan,nan
0.9,nan,nan
0.9,nan,nan
0.9,nan,nan
0.9,nan,nan
0.9,nan,nan
0.9,nan,nan
0.9,nan,nan
0.9,nan,nan
0.9,nan,nan
0.9,3.9292014561100483,40.47080291970803
0.9,2.3028378998873498,38.681102362204726
0.9,1.691101478309083,38.12301587301587
0.9,1.249080450613172,37.81716417910448
0.9,2.6747100227619782,39.332116788321166
0.9,2.0955938086880086,38.656716417910445
0.9,1.9545033865606163,38.463878326996195
0.9,4.735111501163213,41.05154639175258
0.9,1.750486934238069,38.09090909090909
0.9,1.9397019604988839,38.45569620253165
0.9,nan,nan
0.9,nan,nan
0.9,nan,nan
0.9,nan,nan
0.9,nan,nan
0.9,nan,nan
0.9,nan,nan
0.9,nan,nan
0.9,nan,nan
0.9,nan,nan
0.9,4.056640727953634,42.333333333333336
0.9,2.1753907179769745,40.60431654676259
0.9,3.289465078082903,42.37931034482759
0.9,4.176242053531355,44.86617100371747
0.9,3.758976816796217,42.159695817490494
0.9,3.8774243925172693,41.661818181818184
0.9,2.103399692934908,40.65748031496063
0.9,3.166966659158832,41.81918819188192
0.9,3.0024368785657103,41.42545454545454
0.9,5.239001624330506,45.6875
0.9,nan,nan
0.9,nan,nan
0.9,nan,nan
0.9,nan,nan
0.9,nan,nan
0.9,nan,nan
0.9,nan,nan
0.9,nan,nan
0.9,nan,nan
0.9,nan,nan
0.9,3.2688135819709263,48.0354609929078
0.9,1.9414725498282808,44.2520325203252
0.9,3.2235835511437236,46.08148148148148
0.9,4.004958773812069,45.3898916967509
0.9,3.31218492834097,45.69516728624535
0.9,2.7670742510434647,45.52918287937743
0.9,2.8416673257342397,45.51428571428571
0.9,2.128892158097175,44.45882352941177
0.9,1.8760397664274802,44.70181818181818
0.9,1.5923836960298443,44.24452554744526
0.9,nan,nan
0.9,nan,nan
0.9,nan,nan
0.9,nan,nan
0.9,nan,nan
0.9,nan,nan
0.9,nan,nan
0.9,nan,nan
0.9,nan,nan
0.9,nan,nan
0.9,4.080829610624007,50.58455882352941
0.9,2.652272914586822,49.15867158671587
0.9,5.088564618275123,51.44444444444444
0.9,1.7352998841375922,48.43321299638989
0.9,3.1064983017096326,48.72030651340996
0.9,2.0627781057346377,48.821576763485474
0.9,11.529675065254812,50.39636363636364
0.9,4.193854616858127,53.7773851590106
0.9,2.9293123952674236,49.62781954887218
0.9,1.8149520546664917,49.46969696969697
0.9,nan,nan
0.9,nan,nan
0.9,nan,nan
0.9,nan,nan
0.9,nan,nan
0.9,nan,nan
0.9,nan,nan
0.9,nan,nan
0.9,nan,nan
0.9,nan,nan
0.9,2.3426477469785225,60.900735294117645
0.9,4.34497357031279,62.97037037037037
0.9,4.06108211154157,62.5036231884058
0.9,1.5808829030295555,60.38793103448276
0.9,1.8227485315838046,60.52851711026616
0.9,2.7721580948746785,61.71947194719472
0.9,2.435859958455383,62.25196850393701
0.9,4.046057955864886,63.375451263537904
0.9,2.1402882232616105,60.69662921348315
0.9,4.412764050970294,64.31636363636363
0.9,nan,nan
0.9,nan,nan
0.9,nan,nan
0.9,nan,nan
0.9,nan,nan
0.9,nan,nan
0.9,nan,nan
0.9,nan,nan
0.9,nan,nan
0.9,nan,nan
0.9,4.196606774877808,64.42857142857143
0.9,2.600319835514698,63.90833333333333
0.9,3.7037103641002176,65.81040892193309
0.9,1.9932887349489516,63.638888888888886
0.9,4.465478786450163,66.11498257839722
0.9,2.2258263663639384,63.77566539923954
0.9,3.2035456086373895,64.5709090909091
0.9,1.1819165701960044,62.55905511811024
0.9,1.878357934853818,63.75103734439834
0.9,2.7835345760972294,64.41785714285714
0.9,nan,nan
0.9,nan,nan
0.9,nan,nan
0.9,nan,nan
0.9,nan,nan
0.9,nan,nan
0.9,nan,nan
0.9,nan,nan
0.9,nan,nan
0.9,nan,nan
0.9,3.368763752219452,68.32517482517483
0.9,10.20322755835348,69.98581560283688
0.9,1.4311507771088485,66.06024096385542
0.9,2.4989840648135737,65.91269841269842
0.9,1.9552717701469033,65.4296577946768
0.9,1.9960889087826335,65.9718875502008
0.9,2.09398244488124,65.60384615384615
0.9,1.547866810437804,65.13899613899613
0.9,2.2040084901599917,65.8498023715415
0.9,1.881806730697474,65.49583333333334
0.9,nan,nan
0.9,nan,nan
0.9,nan,nan
0.9,nan,nan
0.9,nan,nan
0.9,nan,nan
0.9,nan,nan
0.9,nan,nan
0.9,nan,nan
0.9,nan,nan
0.9,2.388187604777696,72.16896551724138
0.9,6.133882105665503,76.50488599348535
0.9,4.301598721724839,74.46048109965636
0.9,3.8264266022981475,75.85114503816794
0.9,4.210326911255744,73.6044776119403
0.9,2.3103866016389505,72.06060606060606
0.9,1.958297027479108,71.62545454545455
0.9,5.178803873311263,76.00660066006601
0.9,2.4655158355458573,71.97491039426524
0.9,1.4017198683168468,71.02904564315352
0.9,nan,nan
0.9,nan,nan
0.9,nan,nan
0.9,nan,nan
0.9,nan,nan
0.9,nan,nan
0.9,nan,nan
0.9,nan,nan
0.9,nan,nan
0.9,nan,nan
0.9,3.3285747464720714,75.97445255474453
0.9,2.1889377608391425,74.70769230769231
0.9,3.939241009793056,76.56420233463035
0.9,2.671436249908487,75.65917602996255
0.9,3.5579608180667757,75.38818565400844
0.9,3.7566440424505725,76.0
0.9,3.776454896055804,75.41772151898734
0.9,4.02730809912813,76.77777777777777
0.9,1.5161404732509718,74.08363636363636
0.9,1.9804300090185938,74.80314960629921
0.9,nan,nan
0.9,nan,nan
0.9,nan,nan
0.9,nan,nan
0.9,nan,nan
0.9,nan,nan
0.9,nan,nan
0.9,nan,nan
0.9,nan,nan
0.9,nan,nan
0.9,1.7974020590172741,79.4460966542751
0.9,4.9986688483125805,82.46666666666667
0.9,2.368674426003177,80.00384615384615
0.9,3.0335684300488257,80.94573643410853
0.9,2.8063567312934414,80.66538461538461
0.9,6.947913597940417,84.6082474226804
0.9,1.6030749872653534,79.19217081850533
0.9,2.015050750662791,79.97983870967742
0.9,5.981940995791175,84.12056737588652
0.9,1.4560574536005797,79.11152416356877
0.9,nan,nan
0.9,nan,nan
0.9,nan,nan
0.9,nan,nan
0.9,nan,nan
0.9,nan,nan
0.9,nan,nan
0.9,nan,nan
0.9,nan,nan
0.9,nan,nan
0.9,1.6409835392401473,81.34200743494424
0.9,1.723883840420117,81.29433962264152
0.9,1.8945013891181368,81.37549407114625
0.9,1.8754575544862828,81.52877697841727
0.9,1.9159968428051715,81.5
0.9,2.633238874103989,82.14624505928853
0.9,2.480601015392091,81.81818181818181
0.9,4.788331173320107,84.38403041825094
0.9,2.4264455723766116,82.30604982206405
0.9,1.4621126057881146,81.10505836575875
0.9,nan,nan
0.9,nan,nan
0.9,nan,nan
0.9,nan,nan
0.9,nan,nan
0.9,nan,nan
0.9,nan,nan
0.9,nan,nan
0.9,nan,nan
0.9,nan,nan
1.0,8.683225707838291,94.31384615384616
1.0,3.323653707615958,88.97508896797153
1.0,2.1259444882680647,87.08771929824562
1.0,20.66142452678893,92.02749140893471
1.0,3.7420775099784684,94.67905405405405
1.0,23.476804065764377,100.49354838709678
1.0,16.49158269746827,98.43092105263158
1.0,4.5078237057529265,102.059375
1.0,3.330957444516108,96.43944636678201
1.0,3.2480655070682722,95.70774647887323
1.0,nan,nan
1.0,nan,nan
1.0,nan,nan
1.0,nan,nan
1.0,nan,nan
1.0,nan,nan
1.0,nan,nan
1.0,nan,nan
1.0,nan,nan
1.0,nan,nan
1.0,8.386264542198282,98.5608108108108
1.0,5.191418573661095,107.18279569892474
1.0,3.2872937044330226,100.16225165562913
1.0,11.183610127792557,102.14285714285714
1.0,10.980294551512575,108.24848484848485
1.0,4.106842317973731,107.03333333333333
1.0,6.369810654557931,101.11538461538461
1.0,9.490430768584956,99.3587786259542
1.0,10.345224006734828,102.45762711864407
1.0,3.327186758010559,100.52173913043478
1.0,nan,nan
1.0,nan,nan
1.0,nan,nan
1.0,nan,nan
1.0,nan,nan
1.0,nan,nan
1.0,nan,nan
1.0,nan,nan
1.0,nan,nan
1.0,nan,nan
1.0,4.501053054077796,97.95636363636363
1.0,3.518050610059168,103.9288256227758
1.0,34.380250949328705,117.89036544850498
1.0,21.94595397383315,127.37362637362638
1.0,6.415739834153031,131.29545454545453
1.0,13.571919592433508,117.8108108108108
1.0,3.1851622513895426,115.31632653061224
1.0,8.42978639805484,120.96273291925466
1.0,8.321617027894298,123.1571906354515
1.0,3.3504079105134985,120.125
1.0,nan,nan
1.0,nan,nan
1.0,nan,nan
1.0,nan,nan
1.0,nan,nan
1.0,nan,nan
1.0,nan,nan
1.0,nan,nan
1.0,nan,nan
1.0,nan,nan
1.0,2.89363368090687,121.82068965517242
1.0,3.7052445389765256,126.04778156996586
1.0,24.43126722377352,135.8754098360656
1.0,11.608815779469172,130.27814569536423
1.0,13.925299651073152,131.27564102564102
1.0,11.595346004666913,139.8047138047138
1.0,10.697386571098098,134.75471698113208
1.0,7.480619011903361,133.7108843537415
1.0,3.7244010011788693,130.8985507246377
1.0,3.5562819454731116,127.14179104477611
1.0,nan,nan
1.0,nan,nan
1.0,nan,nan
1.0,nan,nan
1.0,nan,nan
1.0,nan,nan
1.0,nan,nan
1.0,nan,nan
1.0,nan,nan
1.0,nan,nan
1.0,3.5745340034731643,128.72727272727272
1.0,5.165474980585085,132.96491228070175
1.0,8.435868472657956,132.56307692307692
1.0,20.933068982775627,137.67132867132867
1.0,5.828557499168956,137.82950819672132
1.0,11.219649651342174,143.73529411764707
1.0,3.9218073241778777,145.1522491349481
1.0,7.408198443275089,139.7859649122807
1.0,5.909001310154288,146.33774834437085
1.0,4.488022320795249,146.92605633802816
1.0,nan,nan
1.0,nan,nan
1.0,nan,nan
1.0,nan,nan
1.0,nan,nan
1.0,nan,nan
1.0,nan,nan
1.0,nan,nan
1.0,nan,nan
1.0,nan,nan
1.0,6.5319669256244905,151.7517006802721
1.0,9.391221463148362,157.31372549019608
1.0,4.532074625779239,153.87241379310345
1.0,1.9593099809071781,149.6798418972332
1.0,1.585301590767824,149.15248226950354
1.0,2.234479047049527,150.37370242214533
1.0,6.303682704696134,153.59305993690853
1.0,5.655895084798659,152.26384364820848
1.0,5.21189412622807,152.55218855218854
1.0,3.7659051455927974,157.54817275747507
1.0,nan,nan
1.0,nan,nan
1.0,nan,nan
1.0,nan,nan
1.0,nan,nan
1.0,nan,nan
1.0,nan,nan
1.0,nan,nan
1.0,nan,nan
1.0,nan,nan
1.0,2.9760873235447685,155.45486111111111
1.0,4.886445156563881,157.03692307692307
1.0,4.851183385542611,156.8576512455516
1.0,22.655650927768715,165.1360759493671
1.0,6.678668387176065,164.425
1.0,13.930518774134276,165.69508196721313
1.0,3.414716074575194,162.03401360544217
1.0,4.994778821834042,161.78896103896105
1.0,2.040080419320459,155.69750889679716
1.0,4.457611241624768,165.71917808219177
1.0,nan,nan
1.0,nan,nan
1.0,nan,nan
1.0,nan,nan
1.0,nan,nan
1.0,nan,nan
1.0,nan,nan
1.0,nan,nan
1.0,nan,nan
1.0,nan,nan
1.0,14.771717656858376,174.54142011834318
1.0,6.524351304341316,171.16304347826087
1.0,4.711681809210872,170.43589743589743
1.0,38.04898749701513,173.83435582822085
1.0,17.730439799128884,184.93706293706293
1.0,6.754350341125754,185.45541401273886
1.0,10.157572119361298,189.72542372881355
1.0,5.964068193468024,179.6832740213523
1.0,7.574296383758024,173.77364864864865
1.0,3.818376228057494,173.80769230769232
1.0,nan,nan
1.0,nan,nan
1.0,nan,nan
1.0,nan,nan
1.0,nan,nan
1.0,nan,nan
1.0,nan,nan
1.0,nan,nan
1.0,nan,nan
1.0,nan,nan
1.0,4.74526152237429,185.37654320987653
1.0,14.284227991874333,191.31986531986533
1.0,4.526514054604374,188.32894736842104
1.0,7.424067033058695,194.63665594855306
1.0,2.461910461640641,184.3793103448276
1.0,14.290077107094632,190.03821656050957
1.0,6.233175936663805,196.53571428571428
1.0,2.8432953844510584,188.8956228956229
1.0,3.2416831298978552,184.90747330960855
1.0,2.1842704599939173,184.02777777777777
1.0,nan,nan
1.0,nan,nan
1.0,nan,nan
1.0,nan,nan
1.0,nan,nan
1.0,nan,nan
1.0,nan,nan
1.0,nan,nan
1.0,nan,nan
1.0,nan,nan
1.0,4.161448365808316,186.38926174496643
1.0,2.5845057632674817,184.2791519434629
1.0,6.099464932703158,186.18021201413427
1.0,3.899002969769121,189.3320895522388
1.0,5.93405302711148,187.22402597402598
1.0,3.57700206576845,187.65267175572518
1.0,2.585707985335726,184.54362416107384
1.0,6.175559678194229,186.36054421768708
1.0,2.6979619589581327,184.7824561403509
1.0,3.820711336847425,188.10862619808307
1.0,nan,nan
1.0,nan,nan
1.0,nan,nan
1.0,nan,nan
1.0,nan,nan
1.0,nan,nan
1.0,nan,nan
1.0,nan,nan
1.0,nan,nan
1.0,nan,nan
1.0,5.249947595453081,194.02631578947367
1.0,16.75656330877792,204.8409090909091
1.0,30.47223142490634,201.6156462585034
1.0,25.328165832291724,202.67905405405406
1.0,10.768453002740452,204.9741935483871
1.0,14.538124012868181,209.41875
1.0,5.620220020332489,205.7766323024055
1.0,3.988304171914356,205.4934210526316
1.0,3.6299144351164663,199.24734982332154
1.0,3.658491756452459,199.11074918566774
1.0,nan,nan
1.0,nan,nan
1.0,nan,nan
1.0,nan,nan
1.0,nan,nan
1.0,nan,nan
1.0,nan,nan
1.0,nan,nan
1.0,nan,nan
1.0,nan,nan
1.0,17.37058959849524,205.95765472312704
1.0,4.890761178068136,207.98709677419356
1.0,5.384996062031827,206.43243243243242
1.0,4.392822971393619,210.22145328719722
1.0,3.9913881926768444,206.22108843537416
1.0,1.7390511353660951,202.60638297872342
1.0,2.105694858322449,202.89383561643837
1.0,4.42230755289016,208.40967741935484
1.0,3.833746542660736,204.78877887788778
1.0,2.8192938036342152,219.88666666666666
1.0,nan,nan
1.0,nan,nan
1.0,nan,nan
1.0,nan,nan
1.0,nan,nan
1.0,nan,nan
1.0,nan,nan
1.0,nan,nan
1.0,nan,nan
1.0,nan,nan
1.0,1.4315853195939847,225.11155378486055
1.0,9.463684901160816,230.11003236245955
1.0,14.7403698800591,234.4910394265233
1.0,30.158882046785767,239.12772585669782
1.0,16.9307401357738,242.9383116883117
1.0,24.135821188975648,238.93127147766322
1.0,7.852667683378148,244.26402640264027
1.0,4.628259555220914,242.7483660130719
1.0,2.8748344921059594,234.9551724137931
1.0,4.457729433484697,233.65034965034965
1.0,nan,nan
1.0,nan,nan
1.0,nan,nan
1.0,nan,nan
1.0,nan,nan
1.0,nan,nan
1.0,nan,nan
1.0,nan,nan
1.0,nan,nan
1.0,nan,nan
1.0,16.231313820854474,245.10670731707316
1.0,6.4507761178815795,251.02167182662538
1.0,4.627070646090474,248.35955056179776
1.0,19.569873686565465,253.3489932885906
1.0,24.791481509066077,265.5206349206349
1.0,27.142215741396118,273.30990415335464
1.0,25.152146740861482,280.77810650887574
1.0,12.603832982376177,282.71985815602835
1.0,3.9922008188976026,281.50666666666666
1.0,2.662812597472826,279.5451127819549
1.0,nan,nan
1.0,nan,nan
1.0,nan,nan
1.0,nan,nan
1.0,nan,nan
1.0,nan,nan
1.0,nan,nan
1.0,nan,nan
1.0,nan,nan
1.0,nan,nan
1.0,18.909161099329825,281.3452768729642
1.0,15.892390638730564,289.25581395348837
1.0,4.016507816124253,286.33103448275864
1.0,4.0228925497392085,280.13120567375887
1.0,3.1358174645136083,278.90604026845637
1.0,5.81415521951041,279.7785016286645
1.0,1.7477495212890832,277.17518248175185
1.0,4.18806405493098,280.9700996677741
1.0,2.0835981940465897,278.3888888888889
1.0,3.1747388781862647,283.25342465753425
1.0,nan,nan
1.0,nan,nan
1.0,nan,nan
1.0,nan,nan
1.0,nan,nan
1.0,nan,nan
1.0,nan,nan
1.0,nan,nan
1.0,nan,nan
1.0,nan,nan
